Stunde,GESAMT
0,7.1
1,6.9
2,7.5
3,7.9
4,9.0
5,10.4
6,10.9
7,10.4
8,10.4
9,10.5
10,10.2
11,10.2
12,10.0
13,10.3
14,10.7
15,11.4
16,10.8
17,11.4
18,10.9
19,10.8
20,10.3
21,9.4
22,8.6
23,6.5
24,6.6
25,6.5
26,7.1
27,7.6
28,8.8
29,10.1
30,10.3
31,10.9
32,11.5
33,12.0
34,10.9
35,9.6
36,9.2
37,9.3
38,9.4
39,10.5
40,11.5
41,11.4
42,11.7
43,11.6
44,11.3
45,10.9
46,9.5
47,7.6
48,7.5
49,8.0
50,7.5
51,8.2
52,9.3
53,10.8
54,9.5
55,10.0
56,11.1
57,11.1
58,10.7
59,10.4
60,11.1
61,10.3
62,10.1
63,10.8
64,11.1
65,11.0
66,10.8
67,11.2
68,9.9
69,9.3
70,8.5
71,6.7
72,7.1
73,7.3
74,7.5
75,7.9
76,8.3
77,9.9
78,9.7
79,9.8
80,10.4
81,10.8
82,10.9
83,10.7
84,10.9
85,11.0
86,10.9
87,10.8
88,10.7
89,10.7
90,10.4
91,10.3
92,10.1
93,9.1
94,7.9
95,6.2
96,7.6
97,7.6
98,9.0
99,9.3
100,10.4
101,11.5
102,13.2
103,12.9
104,13.2
105,12.3
106,11.9
107,11.3
108,10.8
109,10.5
110,10.5
111,11.7
112,12.8
113,12.9
114,12.3
115,11.9
116,12.0
117,11.0
118,9.8
119,9.0
120,9.4
121,9.4
122,10.0
123,10.5
124,11.9
125,12.7
126,14.3
127,14.7
128,15.2
129,14.7
130,13.3
131,12.8
132,11.3
133,12.4
134,12.7
135,12.7
136,13.6
137,14.1
138,12.8
139,12.4
140,12.0
141,11.3
142,9.7
143,7.9
144,8.5
145,9.1
146,9.2
147,9.4
148,10.3
149,12.4
150,12.7
151,13.4
152,13.8
153,13.1
154,11.7
155,11.0
156,10.4
157,10.5
158,10.6
159,11.6
160,12.7
161,13.0
162,12.4
163,12.0
164,11.8
165,11.0
166,9.4
167,7.8
168,8.4
169,9.6
170,9.7
171,10.2
172,11.2
173,11.8
174,15.5
175,14.8
176,15.5
177,14.5
178,12.4
179,11.6
180,11.5
181,11.7
182,11.5
183,12.1
184,13.0
185,13.3
186,12.3
187,12.2
188,11.8
189,10.4
190,8.7
191,7.0
192,7.2
193,7.6
194,8.1
195,9.3
196,10.2
197,11.8
198,12.5
199,12.9
200,12.8
201,12.2
202,11.5
203,10.9
204,10.6
205,11.2
206,11.1
207,11.2
208,11.6
209,10.7
210,10.6
211,10.5
212,10.4
213,9.3
214,8.1
215,6.2
216,6.3
217,6.2
218,6.6
219,6.9
220,7.2
221,9.8
222,9.1
223,9.5
224,10.1
225,10.4
226,9.9
227,9.5
228,9.5
229,9.5
230,9.5
231,9.9
232,11.1
233,11.2
234,10.7
235,10.9
236,10.4
237,10.1
238,8.9
239,7.3
240,7.0
241,7.1
242,7.7
243,8.5
244,9.4
245,9.7
246,10.5
247,11.3
248,12.1
249,12.3
250,11.6
251,10.8
252,9.5
253,9.2
254,10.0
255,10.4
256,11.4
257,12.2
258,12.2
259,11.2
260,11.2
261,10.9
262,9.2
263,7.6
264,7.6
265,7.9
266,8.1
267,9.1
268,10.3
269,11.9
270,12.2
271,12.4
272,12.2
273,11.7
274,9.9
275,9.7
276,10.1
277,9.3
278,9.2
279,9.9
280,10.0
281,10.4
282,10.0
283,10.1
284,9.4
285,8.6
286,6.4
287,6.2
288,5.4
289,5.3
290,7.4
291,8.5
292,8.8
293,10.4
294,10.4
295,10.2
296,10.5
297,10.0
298,9.9
299,9.4
300,9.8
301,9.9
302,9.7
303,9.6
304,9.8
305,10.0
306,9.3
307,9.4
308,9.1
309,8.3
310,7.2
311,5.4
312,5.6
313,5.7
314,6.7
315,7.6
316,8.5
317,10.3
318,9.8
319,9.9
320,9.4
321,9.2
322,6.5
323,6.0
324,5.9
325,9.8
326,9.5
327,9.7
328,9.6
329,9.9
330,9.4
331,9.2
332,8.8
333,8.4
334,6.8
335,5.8
336,4.7
337,4.8
338,6.1
339,8.0
340,8.7
341,10.0
342,9.9
343,10.6
344,10.7
345,10.4
346,10.5
347,9.7
348,9.7
349,9.9
350,9.6
351,9.6
352,9.6
353,9.9
354,9.3
355,9.1
356,9.0
357,8.2
358,6.6
359,5.6
360,4.9
361,5.2
362,7.3
363,8.7
364,9.1
365,11.1
366,11.1
367,11.5
368,11.8
369,11.4
370,11.1
371,10.9
372,10.8
373,10.8
374,10.6
375,10.7
376,11.1
377,10.3
378,10.3
379,10.0
380,9.9
381,9.1
382,7.5
383,5.9
384,6.1
385,6.1
386,6.4
387,6.6
388,7.2
389,9.3
390,8.8
391,9.1
392,10.2
393,10.5
394,10.2
395,9.8
396,9.4
397,9.7
398,9.6
399,9.6
400,10.0
401,10.2
402,10.1
403,10.0
404,9.4
405,8.6
406,7.4
407,6.0
408,5.9
409,5.8
410,4.9
411,5.4
412,7.5
413,9.8
414,8.7
415,8.8
416,10.0
417,9.3
418,8.4
419,8.5
420,9.6
421,10.1
422,9.7
423,9.3
424,10.1
425,9.6
426,9.5
427,9.4
428,9.2
429,8.7
430,7.6
431,6.1
432,6.3
433,6.9
434,7.1
435,8.1
436,9.2
437,11.4
438,11.2
439,11.2
440,11.9
441,11.2
442,9.7
443,9.4
444,9.0
445,10.3
446,10.1
447,10.0
448,9.9
449,10.4
450,9.6
451,9.1
452,8.6
453,7.9
454,6.6
455,5.2
456,4.6
457,5.0
458,5.6
459,7.7
460,8.7
461,10.5
462,9.8
463,9.4
464,9.9
465,10.0
466,9.2
467,8.6
468,8.2
469,8.3
470,7.9
471,8.9
472,9.3
473,9.4
474,8.4
475,8.4
476,8.3
477,7.7
478,6.6
479,5.8
480,5.9
481,6.4
482,7.3
483,7.6
484,8.9
485,11.3
486,11.0
487,11.5
488,11.9
489,11.1
490,9.9
491,8.9
492,8.3
493,8.1
494,8.2
495,9.3
496,10.1
497,10.6
498,9.8
499,10.0
500,9.7
501,8.7
502,7.2
503,5.7
504,6.2
505,6.0
506,6.9
507,7.0
508,8.3
509,10.9
510,11.4
511,11.8
512,12.0
513,11.2
514,9.8
515,9.0
516,8.6
517,9.1
518,9.7
519,9.7
520,10.0
521,10.3
522,9.4
523,9.5
524,9.2
525,8.2
526,6.9
527,5.7
528,6.0
529,5.9
530,6.2
531,7.0
532,8.1
533,10.8
534,10.7
535,11.4
536,11.9
537,11.3
538,10.7
539,10.8
540,10.7
541,10.2
542,10.5
543,10.6
544,11.0
545,10.2
546,9.5
547,9.5
548,9.2
549,8.3
550,6.9
551,5.7
552,5.8
553,5.8
554,5.8
555,6.2
556,6.5
557,8.4
558,8.1
559,8.4
560,9.0
561,9.0
562,8.7
563,8.1
564,8.3
565,8.5
566,8.4
567,8.7
568,9.2
569,9.6
570,8.9
571,8.4
572,8.1
573,7.6
574,6.7
575,5.6
576,4.7
577,4.7
578,5.1
579,6.7
580,7.3
581,8.6
582,7.9
583,8.3
584,8.9
585,9.5
586,8.6
587,7.7
588,7.9
589,7.4
590,7.5
591,7.3
592,9.3
593,10.0
594,10.3
595,10.3
596,9.9
597,9.0
598,8.3
599,6.8
600,7.1
601,7.2
602,7.2
603,8.1
604,9.1
605,10.6
606,10.9
607,12.7
608,12.3
609,12.0
610,11.3
611,11.1
612,11.0
613,11.6
614,10.9
615,11.0
616,11.1
617,11.2
618,10.4
619,10.4
620,10.1
621,9.1
622,8.0
623,6.3
624,6.3
625,6.6
626,7.4
627,8.5
628,9.3
629,11.3
630,11.4
631,11.3
632,11.8
633,11.8
634,11.1
635,10.7
636,10.9
637,11.0
638,10.6
639,11.1
640,10.7
641,11.2
642,10.3
643,10.1
644,10.0
645,8.9
646,7.8
647,6.1
648,6.4
649,6.5
650,7.4
651,8.3
652,9.8
653,11.9
654,11.4
655,11.8
656,12.3
657,12.4
658,11.7
659,11.2
660,11.3
661,10.3
662,10.6
663,11.0
664,11.5
665,11.9
666,10.8
667,11.0
668,10.4
669,9.7
670,8.4
671,6.4
672,6.4
673,7.2
674,8.1
675,8.8
676,10.0
677,12.3
678,12.4
679,12.7
680,12.9
681,12.7
682,12.6
683,11.7
684,11.5
685,11.6
686,11.2
687,11.6
688,11.8
689,11.9
690,11.1
691,11.2
692,11.1
693,9.9
694,8.6
695,6.7
696,6.8
697,7.5
698,8.5
699,9.2
700,10.2
701,11.8
702,13.3
703,13.9
704,14.0
705,12.9
706,11.9
707,11.5
708,11.4
709,11.0
710,10.6
711,10.8
712,11.6
713,10.9
714,10.4
715,10.2
716,9.8
717,9.0
718,8.2
719,6.1
720,6.1
721,6.0
722,6.4
723,6.7
724,7.3
725,9.6
726,9.3
727,9.3
728,10.4
729,10.9
730,10.0
731,9.6
732,8.8
733,9.4
734,9.9
735,10.0
736,10.2
737,10.0
738,9.9
739,9.9
740,9.6
741,9.0
742,8.3
743,6.9
744,6.7
745,6.5
746,6.8
747,7.6
748,8.9
749,10.8
750,10.5
751,11.2
752,12.2
753,11.2
754,10.9
755,11.6
756,11.3
757,11.3
758,11.2
759,11.6
760,11.4
761,11.8
762,11.8
763,11.6
764,11.6
765,11.0
766,9.3
767,7.7
768,7.6
769,8.2
770,8.3
771,9.2
772,10.3
773,12.1
774,12.4
775,12.9
776,11.9
777,13.6
778,12.4
779,12.1
780,11.7
781,12.0
782,11.0
783,11.5
784,11.3
785,11.4
786,10.7
787,10.5
788,10.2
789,9.2
790,7.2
791,6.3
792,6.4
793,6.8
794,7.4
795,8.6
796,9.5
797,11.6
798,11.2
799,11.6
800,11.7
801,11.5
802,10.6
803,10.6
804,9.7
805,10.1
806,10.5
807,10.7
808,10.7
809,11.0
810,10.2
811,9.9
812,9.6
813,8.8
814,7.4
815,5.9
816,6.1
817,6.5
818,6.8
819,7.6
820,8.9
821,11.0
822,10.7
823,11.3
824,11.4
825,11.0
826,10.6
827,10.0
828,10.5
829,10.4
830,10.1
831,10.1
832,10.1
833,10.4
834,9.6
835,9.6
836,9.3
837,8.5
838,7.1
839,6.0
840,5.9
841,6.2
842,6.6
843,7.3
844,8.5
845,11.0
846,10.6
847,11.1
848,10.9
849,10.3
850,9.6
851,9.5
852,9.4
853,9.7
854,10.0
855,10.2
856,10.1
857,10.0
858,9.5
859,9.1
860,9.0
861,8.0
862,6.6
863,4.8
864,4.7
865,4.9
866,5.7
867,7.8
868,8.6
869,10.1
870,10.2
871,10.5
872,10.3
873,9.6
874,8.9
875,8.1
876,6.9
877,6.6
878,6.6
879,6.8
880,8.3
881,9.1
882,8.9
883,8.7
884,8.5
885,8.2
886,6.9
887,5.5
888,5.2
889,4.5
890,4.6
891,5.4
892,6.2
893,9.5
894,8.2
895,8.3
896,9.4
897,8.8
898,8.1
899,7.9
900,8.1
901,8.3
902,8.6
903,9.2
904,9.0
905,8.9
906,8.7
907,8.4
908,8.3
909,8.1
910,6.7
911,5.2
912,5.5
913,5.6
914,5.7
915,6.5
916,7.5
917,8.9
918,8.5
919,8.9
920,9.7
921,9.8
922,9.5
923,9.5
924,9.0
925,7.9
926,7.9
927,8.6
928,9.8
929,10.0
930,11.0
931,10.4
932,10.2
933,9.1
934,8.8
935,7.0
936,7.0
937,7.1
938,7.3
939,8.0
940,8.9
941,11.2
942,11.9
943,11.8
944,12.0
945,11.4
946,10.9
947,10.5
948,9.5
949,10.0
950,10.7
951,10.2
952,10.2
953,10.4
954,9.5
955,9.5
956,8.9
957,8.2
958,7.2
959,5.5
960,5.7
961,6.5
962,7.3
963,8.1
964,9.2
965,11.0
966,11.4
967,11.7
968,11.6
969,12.0
970,11.4
971,11.0
972,10.9
973,11.1
974,10.5
975,10.7
976,10.6
977,11.1
978,10.1
979,10.0
980,9.7
981,9.2
982,7.6
983,6.1
984,6.6
985,7.4
986,7.5
987,8.3
988,9.4
989,11.5
990,11.5
991,11.8
992,12.1
993,11.3
994,10.7
995,10.7
996,10.2
997,10.0
998,10.5
999,10.6
1000,10.6
1001,10.9
1002,10.1
1003,10.6
1004,10.5
1005,9.7
1006,7.8
1007,6.6
1008,7.4
1009,7.6
1010,8.3
1011,8.4
1012,9.5
1013,11.4
1014,11.9
1015,12.6
1016,12.9
1017,12.9
1018,11.1
1019,10.1
1020,10.0
1021,11.3
1022,10.6
1023,10.3
1024,10.5
1025,12.1
1026,11.7
1027,11.1
1028,11.1
1029,10.3
1030,8.7
1031,6.9
1032,7.5
1033,8.5
1034,9.1
1035,9.0
1036,10.4
1037,13.0
1038,13.8
1039,14.6
1040,13.6
1041,11.7
1042,11.2
1043,10.8
1044,11.4
1045,11.0
1046,10.4
1047,10.9
1048,11.2
1049,11.1
1050,11.1
1051,11.2
1052,11.1
1053,10.4
1054,9.1
1055,7.5
1056,7.0
1057,7.3
1058,7.0
1059,7.0
1060,8.0
1061,10.1
1062,9.9
1063,10.7
1064,11.7
1065,10.4
1066,9.2
1067,8.9
1068,8.6
1069,8.1
1070,8.4
1071,9.1
1072,10.0
1073,11.2
1074,11.8
1075,11.4
1076,10.8
1077,10.3
1078,9.0
1079,7.0
1080,6.2
1081,6.1
1082,6.7
1083,7.1
1084,8.0
1085,9.3
1086,8.8
1087,10.1
1088,10.5
1089,11.1
1090,10.3
1091,10.0
1092,9.9
1093,10.2
1094,10.4
1095,10.5
1096,10.5
1097,10.5
1098,11.1
1099,11.1
1100,10.2
1101,9.4
1102,8.6
1103,6.7
1104,6.6
1105,6.8
1106,7.4
1107,8.2
1108,9.0
1109,11.0
1110,11.6
1111,11.6
1112,11.6
1113,10.4
1114,11.3
1115,10.9
1116,10.3
1117,11.2
1118,10.7
1119,10.4
1120,10.6
1121,10.6
1122,9.6
1123,9.7
1124,9.3
1125,8.4
1126,7.3
1127,6.2
1128,6.4
1129,6.7
1130,7.7
1131,8.8
1132,9.9
1133,12.1
1134,12.6
1135,12.8
1136,11.8
1137,10.3
1138,9.7
1139,10.3
1140,11.3
1141,9.7
1142,10.3
1143,10.1
1144,10.4
1145,11.7
1146,11.2
1147,10.8
1148,10.6
1149,9.7
1150,8.4
1151,6.9
1152,7.6
1153,8.8
1154,8.8
1155,9.5
1156,10.8
1157,12.3
1158,13.2
1159,13.8
1160,14.7
1161,12.7
1162,11.1
1163,10.2
1164,10.5
1165,10.3
1166,10.5
1167,10.9
1168,11.1
1169,11.8
1170,11.2
1171,10.7
1172,10.2
1173,9.4
1174,7.6
1175,6.2
1176,6.2
1177,6.6
1178,7.4
1179,8.2
1180,9.6
1181,11.7
1182,11.4
1183,11.8
1184,12.0
1185,11.6
1186,11.2
1187,10.9
1188,11.1
1189,11.9
1190,11.4
1191,11.1
1192,11.2
1193,11.5
1194,10.7
1195,10.4
1196,10.0
1197,9.0
1198,7.9
1199,6.1
1200,6.2
1201,6.0
1202,6.6
1203,7.6
1204,8.8
1205,11.1
1206,10.9
1207,11.4
1208,11.4
1209,10.9
1210,10.8
1211,10.2
1212,9.9
1213,10.5
1214,10.4
1215,10.7
1216,10.6
1217,10.1
1218,10.0
1219,9.9
1220,9.4
1221,8.6
1222,7.4
1223,5.9
1224,5.9
1225,6.1
1226,6.1
1227,6.6
1228,7.0
1229,10.0
1230,9.4
1231,10.3
1232,10.1
1233,9.8
1234,8.8
1235,8.6
1236,8.2
1237,8.5
1238,8.5
1239,9.4
1240,9.5
1241,9.4
1242,9.6
1243,9.4
1244,9.1
1245,8.6
1246,7.5
1247,6.2
1248,5.5
1249,5.5
1250,5.4
1251,6.0
1252,6.6
1253,8.7
1254,8.1
1255,8.5
1256,8.9
1257,9.1
1258,9.2
1259,8.8
1260,8.3
1261,7.7
1262,7.8
1263,8.2
1264,8.9
1265,9.1
1266,9.2
1267,9.0
1268,8.7
1269,8.4
1270,7.2
1271,5.6
1272,5.9
1273,6.1
1274,6.6
1275,7.2
1276,7.9
1277,9.4
1278,10.6
1279,10.3
1280,10.3
1281,9.7
1282,9.8
1283,9.6
1284,10.1
1285,10.3
1286,10.2
1287,9.6
1288,9.5
1289,9.7
1290,9.3
1291,9.1
1292,9.1
1293,8.3
1294,7.4
1295,6.0
1296,6.0
1297,6.9
1298,7.6
1299,8.3
1300,9.2
1301,11.4
1302,12.0
1303,11.9
1304,11.1
1305,9.9
1306,8.6
1307,8.4
1308,8.1
1309,7.7
1310,7.5
1311,7.7
1312,7.4
1313,9.4
1314,9.8
1315,9.2
1316,8.7
1317,7.8
1318,6.4
1319,5.0
1320,5.2
1321,5.1
1322,5.9
1323,6.6
1324,7.6
1325,10.2
1326,9.5
1327,10.0
1328,10.3
1329,9.9
1330,9.4
1331,9.1
1332,9.0
1333,9.2
1334,9.7
1335,9.5
1336,9.3
1337,9.1
1338,8.7
1339,8.5
1340,7.6
1341,7.6
1342,6.5
1343,4.5
1344,4.3
1345,4.5
1346,5.1
1347,7.4
1348,8.1
1349,9.9
1350,9.2
1351,9.6
1352,9.7
1353,9.2
1354,9.3
1355,8.6
1356,8.1
1357,8.3
1358,8.4
1359,8.2
1360,8.3
1361,9.0
1362,8.7
1363,8.3
1364,7.9
1365,7.5
1366,6.3
1367,4.4
1368,4.5
1369,4.5
1370,5.3
1371,7.3
1372,8.2
1373,9.8
1374,9.8
1375,10.5
1376,10.2
1377,9.1
1378,8.4
1379,7.7
1380,7.6
1381,7.1
1382,6.6
1383,6.7
1384,6.8
1385,8.2
1386,8.7
1387,8.6
1388,8.0
1389,7.4
1390,6.4
1391,4.4
1392,4.2
1393,4.2
1394,4.6
1395,5.2
1396,5.5
1397,8.5
1398,8.3
1399,7.4
1400,8.2
1401,8.0
1402,7.3
1403,7.3
1404,7.4
1405,7.8
1406,8.1
1407,7.6
1408,8.2
1409,8.2
1410,8.0
1411,7.7
1412,7.3
1413,6.7
1414,6.3
1415,4.5
1416,4.2
1417,4.4
1418,4.5
1419,5.2
1420,5.5
1421,8.1
1422,7.5
1423,7.4
1424,7.8
1425,7.2
1426,7.0
1427,6.8
1428,6.7
1429,6.7
1430,6.5
1431,6.6
1432,6.6
1433,7.2
1434,7.3
1435,7.6
1436,7.4
1437,6.6
1438,5.5
1439,4.8
1440,4.8
1441,4.9
1442,5.0
1443,7.4
1444,7.8
1445,9.0
1446,8.6
1447,8.8
1448,9.1
1449,8.4
1450,8.2
1451,7.7
1452,7.3
1453,8.2
1454,7.9
1455,7.9
1456,8.4
1457,8.6
1458,7.9
1459,7.8
1460,7.9
1461,6.8
1462,6.2
1463,4.0
1464,4.1
1465,4.3
1466,5.2
1467,7.3
1468,7.8
1469,9.4
1470,8.9
1471,9.2
1472,9.0
1473,7.7
1474,6.7
1475,6.4
1476,6.3
1477,6.2
1478,5.3
1479,5.4
1480,6.8
1481,8.3
1482,7.4
1483,7.5
1484,7.4
1485,6.9
1486,5.2
1487,3.8
1488,3.8
1489,3.9
1490,4.7
1491,7.4
1492,8.6
1493,10.2
1494,9.7
1495,9.6
1496,9.4
1497,8.5
1498,7.4
1499,6.3
1500,5.8
1501,5.8
1502,5.8
1503,6.3
1504,6.7
1505,7.5
1506,7.9
1507,7.9
1508,7.3
1509,6.7
1510,5.6
1511,4.8
1512,4.8
1513,3.9
1514,4.6
1515,6.8
1516,7.7
1517,9.3
1518,8.4
1519,9.0
1520,8.9
1521,8.3
1522,8.1
1523,7.8
1524,7.5
1525,6.8
1526,6.6
1527,7.9
1528,8.3
1529,8.3
1530,8.1
1531,7.3
1532,7.7
1533,7.1
1534,5.7
1535,4.5
1536,4.1
1537,4.0
1538,5.1
1539,7.1
1540,7.8
1541,9.4
1542,9.3
1543,10.0
1544,10.1
1545,9.5
1546,9.2
1547,8.8
1548,8.6
1549,8.8
1550,8.4
1551,8.6
1552,9.1
1553,8.9
1554,8.5
1555,8.4
1556,8.3
1557,7.9
1558,6.6
1559,5.2
1560,4.7
1561,4.3
1562,4.5
1563,5.3
1564,6.5
1565,9.3
1566,7.9
1567,8.1
1568,8.7
1569,8.6
1570,8.2
1571,7.9
1572,7.8
1573,8.0
1574,7.6
1575,7.8
1576,8.1
1577,8.4
1578,9.1
1579,8.5
1580,8.8
1581,8.0
1582,7.2
1583,5.5
1584,4.4
1585,4.3
1586,4.6
1587,5.2
1588,6.0
1589,9.2
1590,7.4
1591,7.5
1592,8.6
1593,8.7
1594,8.1
1595,7.9
1596,7.2
1597,8.1
1598,7.6
1599,7.3
1600,7.6
1601,7.6
1602,9.5
1603,9.7
1604,9.4
1605,8.7
1606,7.6
1607,6.7
1608,6.5
1609,6.5
1610,6.5
1611,7.1
1612,8.1
1613,10.0
1614,10.1
1615,10.7
1616,10.1
1617,9.6
1618,9.5
1619,9.3
1620,8.6
1621,9.2
1622,8.7
1623,8.9
1624,8.6
1625,9.3
1626,8.9
1627,8.5
1628,7.3
1629,7.5
1630,6.4
1631,4.3
1632,4.3
1633,4.5
1634,5.9
1635,7.4
1636,8.1
1637,10.3
1638,9.6
1639,9.4
1640,9.5
1641,8.7
1642,8.0
1643,7.6
1644,7.5
1645,7.6
1646,8.8
1647,8.4
1648,8.3
1649,8.7
1650,8.8
1651,8.4
1652,7.9
1653,7.2
1654,6.3
1655,4.7
1656,4.5
1657,4.8
1658,6.2
1659,7.6
1660,7.8
1661,10.2
1662,9.2
1663,9.7
1664,9.2
1665,8.4
1666,7.7
1667,8.4
1668,8.3
1669,7.9
1670,6.7
1671,6.8
1672,7.3
1673,7.8
1674,8.9
1675,8.9
1676,8.4
1677,7.5
1678,6.0
1679,5.0
1680,5.1
1681,5.3
1682,5.6
1683,6.2
1684,7.4
1685,9.7
1686,9.2
1687,9.4
1688,9.5
1689,8.8
1690,8.6
1691,8.9
1692,9.1
1693,9.4
1694,9.2
1695,8.6
1696,8.5
1697,8.5
1698,7.8
1699,7.7
1700,7.7
1701,7.0
1702,6.3
1703,4.1
1704,4.2
1705,4.3
1706,4.9
1707,7.0
1708,8.4
1709,9.5
1710,9.0
1711,9.7
1712,9.2
1713,8.0
1714,7.9
1715,7.3
1716,6.8
1717,7.0
1718,6.8
1719,6.6
1720,7.2
1721,7.3
1722,7.8
1723,7.5
1724,7.3
1725,6.7
1726,6.5
1727,4.9
1728,4.5
1729,4.6
1730,4.9
1731,5.1
1732,5.4
1733,9.2
1734,7.7
1735,7.4
1736,7.3
1737,6.4
1738,5.2
1739,4.9
1740,4.9
1741,5.5
1742,5.5
1743,5.6
1744,5.7
1745,7.6
1746,8.4
1747,6.9
1748,6.6
1749,6.4
1750,6.2
1751,4.1
1752,4.0
1753,4.0
1754,4.3
1755,4.6
1756,5.2
1757,7.0
1758,7.0
1759,7.0
1760,7.2
1761,7.0
1762,6.7
1763,6.7
1764,6.5
1765,6.3
1766,6.2
1767,5.7
1768,5.9
1769,8.1
1770,7.4
1771,7.2
1772,7.6
1773,7.2
1774,6.3
1775,5.1
1776,5.1
1777,5.1
1778,5.3
1779,7.5
1780,7.3
1781,8.9
1782,8.6
1783,9.0
1784,8.8
1785,8.3
1786,7.9
1787,7.2
1788,7.0
1789,7.2
1790,6.8
1791,6.7
1792,7.8
1793,8.3
1794,7.6
1795,7.3
1796,6.9
1797,6.1
1798,5.2
1799,4.0
1800,3.9
1801,3.9
1802,4.1
1803,6.2
1804,7.3
1805,8.9
1806,8.2
1807,8.4
1808,7.6
1809,6.5
1810,6.3
1811,6.0
1812,4.7
1813,5.1
1814,5.1
1815,5.5
1816,5.6
1817,5.9
1818,9.3
1819,7.9
1820,7.6
1821,6.9
1822,6.4
1823,4.1
1824,4.4
1825,4.6
1826,5.6
1827,7.3
1828,7.7
1829,9.9
1830,9.9
1831,9.6
1832,8.0
1833,7.8
1834,6.4
1835,5.2
1836,5.0
1837,4.6
1838,4.6
1839,5.9
1840,5.8
1841,6.7
1842,9.2
1843,8.1
1844,7.3
1845,6.5
1846,5.6
1847,4.1
1848,4.2
1849,4.2
1850,4.6
1851,5.3
1852,8.4
1853,10.1
1854,8.9
1855,8.7
1856,8.4
1857,7.3
1858,6.6
1859,6.2
1860,6.3
1861,6.3
1862,6.3
1863,5.6
1864,5.3
1865,5.7
1866,9.0
1867,8.3
1868,8.2
1869,7.2
1870,6.3
1871,4.4
1872,4.3
1873,4.4
1874,5.0
1875,6.1
1876,8.8
1877,10.4
1878,10.6
1879,10.0
1880,8.4
1881,7.6
1882,6.9
1883,6.6
1884,6.5
1885,6.3
1886,5.4
1887,5.3
1888,5.6
1889,6.6
1890,9.6
1891,8.4
1892,8.3
1893,7.4
1894,6.5
1895,4.9
1896,4.4
1897,4.6
1898,5.2
1899,5.5
1900,7.4
1901,9.1
1902,8.2
1903,7.8
1904,6.9
1905,6.5
1906,5.7
1907,4.7
1908,5.0
1909,5.4
1910,5.3
1911,6.3
1912,8.6
1913,7.7
1914,7.9
1915,7.6
1916,7.1
1917,6.7
1918,6.3
1919,4.0
1920,4.0
1921,4.2
1922,4.6
1923,4.8
1924,5.2
1925,6.9
1926,7.0
1927,7.1
1928,7.0
1929,6.7
1930,6.2
1931,5.4
1932,5.6
1933,5.5
1934,5.5
1935,7.2
1936,7.8
1937,7.1
1938,7.5
1939,7.6
1940,7.1
1941,6.6
1942,5.4
1943,4.0
1944,4.2
1945,4.6
1946,4.8
1947,5.1
1948,7.6
1949,9.2
1950,8.6
1951,9.3
1952,9.1
1953,9.1
1954,8.8
1955,8.8
1956,8.8
1957,8.7
1958,8.2
1959,7.7
1960,7.6
1961,8.0
1962,8.8
1963,8.6
1964,7.9
1965,7.1
1966,6.2
1967,4.5
1968,4.4
1969,4.3
1970,5.6
1971,7.0
1972,8.0
1973,10.2
1974,10.3
1975,10.0
1976,8.9
1977,10.6
1978,9.5
1979,9.2
1980,8.4
1981,8.1
1982,8.0
1983,8.9
1984,7.5
1985,9.5
1986,9.3
1987,8.9
1988,8.8
1989,8.5
1990,6.8
1991,5.8
1992,5.9
1993,5.9
1994,6.0
1995,6.8
1996,8.7
1997,10.7
1998,10.3
1999,10.4
2000,10.6
2001,10.4
2002,9.4
2003,9.3
2004,9.3
2005,9.1
2006,9.3
2007,9.3
2008,9.0
2009,9.3
2010,9.3
2011,8.9
2012,8.8
2013,8.2
2014,6.8
2015,5.7
2016,5.4
2017,4.8
2018,4.9
2019,6.7
2020,8.8
2021,9.9
2022,10.0
2023,10.2
2024,9.9
2025,8.6
2026,8.2
2027,8.1
2028,8.7
2029,8.0
2030,7.6
2031,8.1
2032,7.5
2033,8.5
2034,8.5
2035,8.1
2036,8.0
2037,7.2
2038,6.2
2039,4.0
2040,3.9
2041,4.1
2042,4.8
2043,5.9
2044,8.5
2045,10.3
2046,9.3
2047,9.3
2048,8.8
2049,7.2
2050,7.5
2051,9.3
2052,6.7
2053,8.8
2054,6.6
2055,6.0
2056,5.4
2057,5.8
2058,8.1
2059,7.9
2060,7.1
2061,6.7
2062,6.1
2063,4.1
2064,4.2
2065,4.2
2066,4.7
2067,5.2
2068,5.6
2069,9.3
2070,7.8
2071,6.7
2072,6.6
2073,6.2
2074,4.6
2075,5.2
2076,5.7
2077,5.4
2078,5.9
2079,8.6
2080,7.6
2081,7.7
2082,7.5
2083,7.5
2084,7.2
2085,6.7
2086,6.3
2087,4.2
2088,3.9
2089,4.1
2090,4.5
2091,4.5
2092,5.0
2093,6.0
2094,6.0
2095,8.1
2096,7.4
2097,7.4
2098,8.0
2099,7.4
2100,7.6
2101,7.2
2102,6.9
2103,6.7
2104,6.8
2105,6.9
2106,6.8
2107,7.4
2108,7.4
2109,6.8
2110,6.6
2111,5.9
2112,5.6
2113,5.2
2114,6.8
2115,8.1
2116,8.0
2117,10.4
2118,10.1
2119,10.4
2120,9.2
2121,7.5
2122,6.6
2123,6.8
2124,6.2
2125,5.8
2126,5.3
2127,5.5
2128,5.2
2129,5.3
2130,5.5
2131,8.2
2132,8.4
2133,7.1
2134,6.4
2135,4.2
2136,4.2
2137,4.3
2138,4.7
2139,6.5
2140,7.7
2141,9.4
2142,9.8
2143,8.9
2144,6.7
2145,6.9
2146,6.7
2147,6.4
2148,6.7
2149,6.3
2150,6.2
2151,5.3
2152,5.3
2153,5.6
2154,6.1
2155,7.4
2156,6.9
2157,6.5
2158,5.0
2159,3.8
2160,3.7
2161,3.8
2162,4.5
2163,4.9
2164,7.4
2165,9.4
2166,9.2
2167,8.8
2168,8.6
2169,7.5
2170,6.6
2171,5.6
2172,4.9
2173,5.4
2174,5.3
2175,5.2
2176,5.3
2177,5.5
2178,6.5
2179,8.3
2180,7.1
2181,6.5
2182,5.0
2183,3.9
2184,3.7
2185,3.5
2186,3.7
2187,4.4
2188,5.6
2189,8.3
2190,8.8
2191,8.1
2192,7.8
2193,6.7
2194,6.1
2195,4.8
2196,4.4
2197,4.2
2198,4.3
2199,4.1
2200,4.1
2201,4.4
2202,5.1
2203,5.8
2204,5.9
2205,7.1
2206,5.8
2207,3.9
2208,3.6
2209,3.7
2210,4.0
2211,4.5
2212,5.3
2213,8.5
2214,9.1
2215,8.3
2216,6.7
2217,5.6
2218,4.5
2219,3.9
2220,3.4
2221,2.7
2222,2.9
2223,3.1
2224,2.8
2225,2.8
2226,3.7
2227,5.1
2228,5.7
2229,5.4
2230,4.9
2231,3.8
2232,3.4
2233,3.3
2234,3.5
2235,3.6
2236,4.3
2237,5.5
2238,5.6
2239,5.5
2240,5.1
2241,4.2
2242,3.4
2243,2.5
2244,2.4
2245,2.4
2246,2.3
2247,2.6
2248,2.9
2249,3.5
2250,4.7
2251,5.2
2252,5.1
2253,4.3
2254,3.8
2255,3.0
2256,2.7
2257,3.1
2258,2.8
2259,3.3
2260,3.4
2261,4.7
2262,4.8
2263,4.9
2264,4.8
2265,4.5
2266,4.3
2267,4.2
2268,3.8
2269,3.5
2270,3.2
2271,3.2
2272,2.3
2273,2.9
2274,3.8
2275,5.0
2276,5.7
2277,5.1
2278,4.4
2279,3.5
2280,3.4
2281,3.5
2282,3.7
2283,4.3
2284,4.9
2285,7.7
2286,7.3
2287,7.2
2288,6.4
2289,5.7
2290,5.2
2291,5.0
2292,4.0
2293,3.5
2294,3.0
2295,3.0
2296,3.0
2297,3.0
2298,3.6
2299,3.8
2300,5.5
2301,5.4
2302,4.2
2303,3.2
2304,2.8
2305,3.0
2306,2.8
2307,3.8
2308,4.3
2309,5.7
2310,6.4
2311,5.8
2312,4.9
2313,4.2
2314,3.6
2315,3.4
2316,2.7
2317,2.5
2318,2.0
2319,2.2
2320,2.2
2321,2.1
2322,2.2
2323,3.0
2324,3.3
2325,3.7
2326,3.4
2327,2.9
2328,2.9
2329,2.9
2330,3.0
2331,3.1
2332,3.6
2333,4.6
2334,4.5
2335,6.0
2336,5.5
2337,4.1
2338,3.9
2339,3.3
2340,3.1
2341,2.9
2342,2.7
2343,2.7
2344,2.7
2345,2.8
2346,2.9
2347,4.1
2348,4.7
2349,4.2
2350,3.5
2351,3.2
2352,2.9
2353,2.9
2354,2.7
2355,3.2
2356,3.6
2357,4.7
2358,5.8
2359,6.2
2360,5.7
2361,5.0
2362,4.4
2363,3.7
2364,3.4
2365,3.2
2366,2.9
2367,2.7
2368,2.5
2369,2.6
2370,2.6
2371,3.0
2372,3.6
2373,3.7
2374,3.6
2375,3.2
2376,2.9
2377,3.0
2378,2.9
2379,2.9
2380,3.2
2381,4.1
2382,4.8
2383,4.4
2384,4.2
2385,3.7
2386,3.1
2387,2.7
2388,2.1
2389,2.0
2390,2.1
2391,1.9
2392,2.2
2393,2.0
2394,2.4
2395,2.5
2396,3.1
2397,3.0
2398,2.8
2399,2.6
2400,2.5
2401,2.8
2402,2.7
2403,2.7
2404,2.8
2405,3.2
2406,3.3
2407,4.6
2408,3.9
2409,3.2
2410,2.8
2411,2.4
2412,2.1
2413,2.1
2414,2.1
2415,2.0
2416,2.0
2417,1.9
2418,2.1
2419,2.6
2420,3.1
2421,2.9
2422,2.9
2423,2.6
2424,2.5
2425,2.8
2426,2.7
2427,2.9
2428,2.9
2429,3.3
2430,4.0
2431,4.8
2432,3.7
2433,3.1
2434,2.6
2435,2.2
2436,2.3
2437,2.2
2438,2.3
2439,2.2
2440,2.1
2441,2.4
2442,2.8
2443,3.2
2444,3.7
2445,3.9
2446,3.6
2447,2.6
2448,2.5
2449,2.7
2450,2.6
2451,2.7
2452,3.0
2453,3.4
2454,4.3
2455,5.1
2456,4.3
2457,3.8
2458,3.2
2459,2.7
2460,2.4
2461,1.9
2462,1.8
2463,1.8
2464,2.1
2465,2.3
2466,2.4
2467,3.1
2468,3.3
2469,4.1
2470,3.9
2471,2.9
2472,2.7
2473,2.8
2474,2.6
2475,2.7
2476,3.1
2477,4.3
2478,5.8
2479,5.0
2480,4.2
2481,3.3
2482,3.0
2483,2.6
2484,2.4
2485,2.3
2486,2.1
2487,2.0
2488,2.4
2489,2.4
2490,2.5
2491,3.1
2492,3.5
2493,3.3
2494,3.2
2495,2.9
2496,2.8
2497,3.0
2498,2.8
2499,2.9
2500,2.9
2501,4.7
2502,5.3
2503,4.8
2504,4.0
2505,2.9
2506,2.9
2507,2.5
2508,2.2
2509,2.2
2510,1.5
2511,2.3
2512,2.1
2513,2.3
2514,2.6
2515,3.2
2516,3.5
2517,3.2
2518,3.2
2519,2.9
2520,2.8
2521,2.8
2522,2.8
2523,2.7
2524,3.0
2525,5.0
2526,5.5
2527,4.5
2528,4.0
2529,3.4
2530,2.7
2531,2.3
2532,2.2
2533,2.0
2534,2.1
2535,2.0
2536,2.2
2537,2.4
2538,2.6
2539,3.1
2540,3.3
2541,3.3
2542,3.2
2543,3.2
2544,3.0
2545,3.2
2546,2.9
2547,3.2
2548,3.7
2549,5.3
2550,5.9
2551,5.7
2552,5.1
2553,4.5
2554,4.0
2555,3.8
2556,3.7
2557,3.8
2558,3.5
2559,3.5
2560,3.6
2561,3.4
2562,3.6
2563,4.1
2564,4.3
2565,4.0
2566,3.6
2567,3.1
2568,2.9
2569,2.9
2570,2.8
2571,2.9
2572,3.5
2573,4.3
2574,4.3
2575,4.2
2576,4.0
2577,3.5
2578,3.1
2579,3.4
2580,3.1
2581,2.9
2582,3.0
2583,3.2
2584,2.9
2585,3.1
2586,3.3
2587,4.0
2588,4.1
2589,4.0
2590,3.9
2591,3.3
2592,3.1
2593,3.2
2594,3.1
2595,3.3
2596,3.6
2597,4.5
2598,4.6
2599,4.4
2600,4.2
2601,4.0
2602,3.8
2603,3.6
2604,3.3
2605,3.2
2606,3.2
2607,3.0
2608,2.9
2609,2.9
2610,3.4
2611,4.2
2612,5.6
2613,4.9
2614,3.8
2615,3.1
2616,3.1
2617,3.2
2618,3.4
2619,3.9
2620,4.4
2621,6.5
2622,7.0
2623,5.9
2624,4.9
2625,4.1
2626,3.8
2627,3.5
2628,3.1
2629,3.1
2630,2.8
2631,2.9
2632,2.8
2633,2.9
2634,3.0
2635,3.6
2636,4.3
2637,4.3
2638,3.8
2639,3.3
2640,3.2
2641,3.3
2642,3.1
2643,3.5
2644,3.9
2645,6.0
2646,6.9
2647,5.2
2648,3.8
2649,3.5
2650,3.2
2651,3.0
2652,2.6
2653,2.4
2654,2.2
2655,2.0
2656,2.1
2657,2.4
2658,2.7
2659,3.4
2660,3.9
2661,3.9
2662,3.8
2663,3.3
2664,3.3
2665,3.2
2666,2.9
2667,3.3
2668,3.7
2669,4.9
2670,6.4
2671,6.1
2672,5.6
2673,5.2
2674,5.1
2675,5.0
2676,3.8
2677,4.6
2678,4.5
2679,5.1
2680,4.5
2681,4.3
2682,4.4
2683,5.5
2684,6.3
2685,4.9
2686,3.8
2687,3.3
2688,3.1
2689,3.2
2690,3.0
2691,3.4
2692,4.0
2693,6.2
2694,6.4
2695,5.5
2696,4.8
2697,3.9
2698,3.6
2699,3.4
2700,3.4
2701,3.5
2702,3.2
2703,3.1
2704,2.8
2705,3.0
2706,3.3
2707,3.5
2708,4.6
2709,4.3
2710,3.9
2711,3.5
2712,3.3
2713,3.2
2714,3.3
2715,3.7
2716,4.1
2717,6.5
2718,6.9
2719,5.7
2720,4.6
2721,3.4
2722,2.9
2723,2.6
2724,2.3
2725,2.1
2726,2.2
2727,2.3
2728,2.3
2729,2.3
2730,2.5
2731,3.0
2732,3.6
2733,3.8
2734,3.4
2735,3.0
2736,2.8
2737,3.0
2738,2.9
2739,2.9
2740,3.2
2741,4.0
2742,3.8
2743,3.9
2744,3.5
2745,3.1
2746,2.7
2747,2.4
2748,2.1
2749,2.0
2750,1.9
2751,2.1
2752,2.0
2753,2.2
2754,2.0
2755,2.4
2756,2.6
2757,2.6
2758,2.4
2759,2.3
2760,2.2
2761,2.2
2762,2.4
2763,2.5
2764,2.9
2765,3.0
2766,3.1
2767,3.3
2768,2.9
2769,2.9
2770,2.5
2771,2.4
2772,2.2
2773,2.1
2774,2.2
2775,1.6
2776,1.8
2777,1.7
2778,2.2
2779,2.5
2780,2.5
2781,2.4
2782,2.3
2783,2.3
2784,2.2
2785,2.1
2786,2.3
2787,2.4
2788,2.6
2789,3.2
2790,4.1
2791,4.3
2792,4.0
2793,3.2
2794,2.7
2795,2.2
2796,1.7
2797,1.9
2798,2.0
2799,2.1
2800,2.6
2801,2.1
2802,2.4
2803,2.5
2804,2.8
2805,2.6
2806,2.4
2807,2.0
2808,2.0
2809,2.0
2810,2.2
2811,2.1
2812,2.5
2813,3.1
2814,3.5
2815,3.4
2816,3.0
2817,2.7
2818,2.5
2819,2.2
2820,2.0
2821,1.9
2822,1.9
2823,1.6
2824,1.7
2825,1.9
2826,1.9
2827,2.4
2828,2.7
2829,2.7
2830,2.6
2831,2.2
2832,2.2
2833,2.1
2834,2.3
2835,2.4
2836,2.8
2837,3.1
2838,3.2
2839,3.2
2840,3.0
2841,2.7
2842,2.5
2843,2.5
2844,2.5
2845,2.2
2846,2.1
2847,2.1
2848,2.3
2849,3.0
2850,2.7
2851,3.3
2852,3.2
2853,3.2
2854,2.8
2855,2.2
2856,2.0
2857,2.1
2858,2.2
2859,2.4
2860,2.9
2861,3.3
2862,3.9
2863,4.2
2864,3.6
2865,3.2
2866,2.8
2867,2.5
2868,2.4
2869,2.2
2870,2.2
2871,2.1
2872,2.2
2873,2.5
2874,2.9
2875,3.2
2876,3.5
2877,3.2
2878,2.9
2879,2.4
2880,2.0
2881,2.4
2882,2.5
2883,2.5
2884,2.8
2885,3.3
2886,2.5
2887,3.6
2888,4.0
2889,4.3
2890,3.5
2891,3.5
2892,3.5
2893,3.5
2894,2.9
2895,2.8
2896,2.5
2897,2.4
2898,2.6
2899,3.0
2900,3.1
2901,3.1
2902,2.9
2903,2.7
2904,2.6
2905,2.7
2906,2.8
2907,2.7
2908,3.2
2909,3.4
2910,3.2
2911,3.2
2912,3.3
2913,3.1
2914,2.6
2915,2.2
2916,2.0
2917,2.0
2918,2.1
2919,2.0
2920,2.0
2921,2.0
2922,2.2
2923,2.1
2924,2.9
2925,3.1
2926,2.9
2927,2.6
2928,2.2
2929,2.6
2930,2.4
2931,2.6
2932,2.3
2933,2.8
2934,2.9
2935,3.0
2936,2.9
2937,3.0
2938,2.8
2939,2.6
2940,2.3
2941,2.7
2942,2.4
2943,3.0
2944,3.0
2945,3.2
2946,3.6
2947,3.8
2948,3.7
2949,3.7
2950,3.2
2951,2.9
2952,2.9
2953,2.8
2954,2.8
2955,2.8
2956,2.9
2957,3.8
2958,5.0
2959,4.6
2960,4.7
2961,3.9
2962,3.9
2963,3.7
2964,3.5
2965,3.5
2966,3.0
2967,2.8
2968,2.5
2969,2.7
2970,2.9
2971,3.1
2972,3.6
2973,3.7
2974,3.4
2975,2.9
2976,2.9
2977,3.0
2978,3.0
2979,2.9
2980,3.2
2981,4.0
2982,4.4
2983,4.7
2984,5.5
2985,5.2
2986,4.9
2987,3.9
2988,3.9
2989,3.3
2990,3.4
2991,3.4
2992,3.5
2993,3.2
2994,3.5
2995,3.8
2996,4.2
2997,3.9
2998,3.5
2999,2.9
3000,2.8
3001,3.0
3002,2.9
3003,2.9
3004,2.9
3005,4.3
3006,5.2
3007,5.0
3008,5.0
3009,4.0
3010,3.9
3011,3.6
3012,3.8
3013,3.7
3014,3.8
3015,4.0
3016,3.8
3017,3.8
3018,3.9
3019,4.0
3020,4.2
3021,4.4
3022,4.2
3023,3.7
3024,3.6
3025,3.2
3026,3.0
3027,3.1
3028,3.3
3029,4.5
3030,4.3
3031,4.6
3032,4.7
3033,3.7
3034,3.4
3035,3.5
3036,2.9
3037,2.7
3038,2.9
3039,2.5
3040,3.1
3041,3.1
3042,3.5
3043,3.3
3044,3.2
3045,3.2
3046,3.6
3047,3.9
3048,3.3
3049,2.7
3050,2.7
3051,2.9
3052,2.8
3053,4.8
3054,5.3
3055,4.5
3056,3.9
3057,3.1
3058,4.1
3059,3.0
3060,2.4
3061,2.3
3062,2.3
3063,2.4
3064,2.2
3065,2.4
3066,2.6
3067,2.6
3068,4.8
3069,4.9
3070,3.9
3071,3.0
3072,2.9
3073,3.0
3074,2.9
3075,3.4
3076,3.8
3077,4.3
3078,3.7
3079,3.5
3080,3.2
3081,3.1
3082,2.8
3083,2.4
3084,2.3
3085,2.1
3086,1.9
3087,1.9
3088,2.0
3089,2.1
3090,2.1
3091,2.3
3092,2.7
3093,3.0
3094,2.8
3095,2.4
3096,2.2
3097,2.3
3098,2.3
3099,2.7
3100,2.8
3101,3.8
3102,4.1
3103,2.9
3104,2.8
3105,2.8
3106,2.6
3107,2.1
3108,2.0
3109,2.3
3110,2.2
3111,2.1
3112,2.2
3113,2.3
3114,2.2
3115,2.5
3116,3.1
3117,3.2
3118,2.9
3119,2.6
3120,2.5
3121,2.7
3122,2.8
3123,2.9
3124,3.1
3125,3.7
3126,4.9
3127,4.9
3128,4.6
3129,4.2
3130,3.8
3131,3.3
3132,3.2
3133,3.0
3134,2.7
3135,2.5
3136,2.2
3137,2.4
3138,2.5
3139,3.1
3140,3.3
3141,3.4
3142,3.6
3143,3.6
3144,3.1
3145,2.7
3146,2.8
3147,3.9
3148,4.2
3149,5.5
3150,4.7
3151,3.9
3152,3.9
3153,3.0
3154,3.1
3155,3.0
3156,2.9
3157,3.0
3158,2.9
3159,2.9
3160,2.7
3161,2.7
3162,2.8
3163,2.9
3164,3.3
3165,3.4
3166,3.3
3167,2.8
3168,2.7
3169,2.9
3170,2.8
3171,3.0
3172,3.8
3173,5.9
3174,4.5
3175,4.0
3176,3.9
3177,3.6
3178,3.4
3179,3.2
3180,2.8
3181,2.6
3182,2.3
3183,2.3
3184,2.3
3185,2.2
3186,2.5
3187,3.0
3188,3.3
3189,3.1
3190,2.9
3191,2.5
3192,2.4
3193,2.4
3194,2.4
3195,2.4
3196,3.0
3197,3.5
3198,4.4
3199,4.1
3200,3.9
3201,3.7
3202,3.0
3203,2.7
3204,2.4
3205,2.4
3206,2.4
3207,2.4
3208,2.3
3209,2.7
3210,2.6
3211,3.1
3212,3.4
3213,3.6
3214,3.1
3215,2.8
3216,2.5
3217,2.7
3218,2.7
3219,2.8
3220,3.2
3221,4.1
3222,5.1
3223,5.1
3224,4.2
3225,3.7
3226,3.3
3227,3.1
3228,3.3
3229,2.6
3230,2.6
3231,2.9
3232,3.0
3233,3.0
3234,3.2
3235,3.3
3236,3.9
3237,4.0
3238,3.5
3239,2.9
3240,2.7
3241,2.6
3242,2.2
3243,2.7
3244,2.7
3245,3.8
3246,4.1
3247,4.0
3248,3.5
3249,3.0
3250,2.9
3251,2.8
3252,2.6
3253,2.3
3254,2.3
3255,2.1
3256,2.3
3257,2.2
3258,2.2
3259,2.7
3260,3.2
3261,3.1
3262,3.0
3263,2.8
3264,2.5
3265,2.8
3266,2.8
3267,2.7
3268,2.8
3269,3.1
3270,3.0
3271,3.0
3272,2.8
3273,2.6
3274,2.3
3275,2.5
3276,2.3
3277,2.2
3278,2.4
3279,2.3
3280,2.4
3281,2.4
3282,2.9
3283,2.8
3284,3.0
3285,3.0
3286,2.9
3287,2.8
3288,2.7
3289,2.5
3290,2.8
3291,2.7
3292,2.9
3293,3.5
3294,4.0
3295,3.9
3296,3.6
3297,2.6
3298,2.4
3299,2.0
3300,1.8
3301,1.7
3302,1.6
3303,1.6
3304,1.6
3305,1.8
3306,1.9
3307,2.0
3308,2.7
3309,3.1
3310,3.0
3311,2.7
3312,2.8
3313,3.0
3314,2.8
3315,2.9
3316,2.9
3317,4.0
3318,3.9
3319,2.7
3320,2.2
3321,1.9
3322,1.8
3323,1.7
3324,1.6
3325,1.7
3326,1.5
3327,1.6
3328,1.8
3329,1.8
3330,2.0
3331,2.2
3332,2.1
3333,2.6
3334,2.6
3335,2.3
3336,2.0
3337,1.9
3338,2.4
3339,2.8
3340,3.0
3341,3.1
3342,3.0
3343,2.9
3344,2.4
3345,2.3
3346,2.1
3347,1.7
3348,2.1
3349,2.1
3350,2.2
3351,2.1
3352,2.2
3353,1.9
3354,2.2
3355,2.3
3356,2.4
3357,2.5
3358,2.3
3359,2.3
3360,2.3
3361,2.4
3362,2.4
3363,2.5
3364,2.6
3365,2.8
3366,2.7
3367,2.5
3368,2.2
3369,2.2
3370,2.1
3371,2.0
3372,1.9
3373,2.0
3374,1.7
3375,1.6
3376,1.6
3377,1.8
3378,2.4
3379,2.4
3380,2.7
3381,2.6
3382,2.1
3383,2.3
3384,2.6
3385,2.9
3386,2.7
3387,2.7
3388,2.8
3389,3.2
3390,3.4
3391,3.6
3392,3.7
3393,2.9
3394,2.8
3395,2.5
3396,2.3
3397,1.9
3398,2.3
3399,1.8
3400,1.9
3401,2.1
3402,2.6
3403,3.0
3404,3.3
3405,3.3
3406,3.2
3407,2.9
3408,2.7
3409,2.4
3410,2.6
3411,2.7
3412,2.7
3413,3.2
3414,3.0
3415,2.8
3416,2.7
3417,2.2
3418,2.1
3419,2.1
3420,1.9
3421,1.9
3422,1.9
3423,1.9
3424,1.9
3425,1.9
3426,1.7
3427,1.9
3428,2.8
3429,3.1
3430,2.9
3431,2.5
3432,2.2
3433,2.1
3434,2.1
3435,2.5
3436,2.8
3437,2.8
3438,2.8
3439,2.3
3440,1.9
3441,1.8
3442,1.9
3443,1.8
3444,1.8
3445,1.8
3446,1.8
3447,1.7
3448,1.7
3449,1.7
3450,1.7
3451,2.0
3452,2.0
3453,3.0
3454,3.0
3455,2.8
3456,2.8
3457,2.7
3458,2.4
3459,2.7
3460,2.5
3461,2.9
3462,3.0
3463,3.6
3464,3.6
3465,3.2
3466,2.8
3467,2.6
3468,2.0
3469,2.0
3470,1.7
3471,1.6
3472,1.5
3473,1.6
3474,2.2
3475,2.2
3476,2.4
3477,2.4
3478,2.4
3479,2.0
3480,2.0
3481,2.1
3482,2.0
3483,2.2
3484,2.2
3485,2.4
3486,2.3
3487,2.3
3488,2.1
3489,2.1
3490,1.5
3491,1.9
3492,1.8
3493,1.6
3494,1.5
3495,1.2
3496,1.4
3497,1.4
3498,2.3
3499,2.0
3500,2.2
3501,2.0
3502,2.5
3503,2.2
3504,2.2
3505,2.2
3506,2.3
3507,2.2
3508,2.6
3509,2.9
3510,3.0
3511,2.6
3512,2.8
3513,2.5
3514,2.5
3515,2.7
3516,3.3
3517,2.4
3518,3.0
3519,2.3
3520,2.6
3521,2.4
3522,2.3
3523,2.5
3524,2.6
3525,2.8
3526,2.6
3527,2.3
3528,2.1
3529,2.2
3530,2.3
3531,2.1
3532,2.4
3533,2.9
3534,3.1
3535,2.9
3536,2.9
3537,2.6
3538,2.5
3539,2.4
3540,2.3
3541,2.3
3542,1.6
3543,2.1
3544,2.2
3545,2.2
3546,2.5
3547,2.8
3548,3.1
3549,3.0
3550,2.9
3551,2.5
3552,2.5
3553,2.4
3554,2.7
3555,2.5
3556,2.8
3557,2.9
3558,3.4
3559,3.8
3560,3.0
3561,2.5
3562,2.3
3563,2.4
3564,2.4
3565,2.1
3566,2.2
3567,2.1
3568,2.0
3569,2.1
3570,2.3
3571,2.4
3572,2.6
3573,2.6
3574,2.5
3575,2.4
3576,2.1
3577,2.3
3578,2.4
3579,2.4
3580,2.4
3581,2.7
3582,2.6
3583,2.6
3584,2.3
3585,2.4
3586,2.5
3587,2.4
3588,2.3
3589,2.3
3590,2.2
3591,1.9
3592,2.1
3593,1.9
3594,2.0
3595,2.1
3596,2.4
3597,2.5
3598,2.6
3599,2.3
3600,2.2
3601,2.1
3602,2.2
3603,2.2
3604,2.1
3605,2.6
3606,2.2
3607,2.3
3608,2.1
3609,2.2
3610,2.1
3611,2.1
3612,2.0
3613,1.7
3614,1.8
3615,1.7
3616,1.5
3617,1.5
3618,2.0
3619,2.2
3620,2.0
3621,1.8
3622,2.1
3623,1.9
3624,1.7
3625,2.0
3626,1.8
3627,1.9
3628,2.5
3629,3.1
3630,2.5
3631,2.2
3632,2.2
3633,2.0
3634,1.4
3635,1.4
3636,1.5
3637,1.4
3638,1.5
3639,1.5
3640,1.2
3641,1.3
3642,1.5
3643,1.6
3644,1.9
3645,2.5
3646,1.7
3647,1.5
3648,1.4
3649,1.4
3650,1.4
3651,1.8
3652,2.0
3653,2.9
3654,2.9
3655,2.7
3656,2.7
3657,2.5
3658,2.3
3659,2.1
3660,2.0
3661,1.6
3662,1.6
3663,1.6
3664,1.6
3665,1.5
3666,1.5
3667,2.0
3668,2.1
3669,2.2
3670,2.4
3671,2.1
3672,1.8
3673,1.7
3674,1.4
3675,2.0
3676,2.1
3677,2.9
3678,2.7
3679,2.7
3680,2.5
3681,2.3
3682,2.2
3683,2.1
3684,1.9
3685,2.1
3686,2.0
3687,1.9
3688,2.1
3689,2.7
3690,2.7
3691,2.5
3692,2.7
3693,2.9
3694,3.1
3695,2.3
3696,2.1
3697,2.4
3698,2.4
3699,2.4
3700,2.7
3701,3.3
3702,3.0
3703,2.9
3704,2.8
3705,2.5
3706,2.7
3707,2.2
3708,2.3
3709,2.4
3710,2.2
3711,2.3
3712,2.2
3713,2.4
3714,2.7
3715,2.7
3716,3.1
3717,3.1
3718,2.7
3719,2.3
3720,2.1
3721,2.3
3722,2.3
3723,2.4
3724,3.1
3725,3.4
3726,4.2
3727,3.6
3728,3.8
3729,2.6
3730,2.4
3731,2.1
3732,2.2
3733,2.1
3734,1.8
3735,1.9
3736,1.9
3737,2.3
3738,2.4
3739,2.5
3740,2.8
3741,3.1
3742,3.0
3743,2.5
3744,2.3
3745,2.2
3746,2.4
3747,2.3
3748,2.8
3749,3.1
3750,2.9
3751,2.5
3752,2.4
3753,2.1
3754,2.2
3755,2.2
3756,2.2
3757,2.2
3758,2.3
3759,2.4
3760,2.3
3761,2.3
3762,2.6
3763,2.7
3764,2.9
3765,2.8
3766,2.6
3767,2.3
3768,2.1
3769,2.2
3770,2.2
3771,2.3
3772,2.5
3773,2.9
3774,2.7
3775,3.1
3776,2.9
3777,2.9
3778,2.8
3779,2.5
3780,2.6
3781,2.5
3782,2.5
3783,2.6
3784,2.9
3785,3.2
3786,3.1
3787,3.0
3788,3.0
3789,3.1
3790,2.8
3791,2.3
3792,2.0
3793,2.2
3794,2.1
3795,2.3
3796,2.6
3797,3.3
3798,4.0
3799,4.1
3800,4.0
3801,3.4
3802,2.7
3803,2.7
3804,3.1
3805,2.9
3806,2.7
3807,2.7
3808,2.7
3809,2.8
3810,2.9
3811,2.9
3812,3.1
3813,3.2
3814,3.0
3815,2.5
3816,2.4
3817,2.4
3818,2.4
3819,2.3
3820,2.9
3821,3.3
3822,3.1
3823,3.1
3824,2.9
3825,3.1
3826,3.2
3827,3.0
3828,3.9
3829,3.8
3830,2.9
3831,2.5
3832,2.3
3833,2.3
3834,2.2
3835,2.6
3836,2.6
3837,2.8
3838,2.5
3839,2.2
3840,2.0
3841,2.1
3842,2.1
3843,2.0
3844,2.5
3845,3.2
3846,3.0
3847,3.1
3848,2.9
3849,2.9
3850,3.0
3851,3.0
3852,3.0
3853,2.9
3854,2.8
3855,2.7
3856,2.8
3857,2.8
3858,2.7
3859,2.8
3860,2.9
3861,3.0
3862,3.0
3863,2.6
3864,2.3
3865,2.3
3866,2.3
3867,2.3
3868,2.6
3869,3.0
3870,3.1
3871,3.2
3872,3.9
3873,4.1
3874,3.7
3875,3.2
3876,2.8
3877,2.9
3878,3.1
3879,3.2
3880,6.3
3881,5.4
3882,4.9
3883,4.6
3884,4.1
3885,3.8
3886,3.0
3887,2.5
3888,2.4
3889,2.6
3890,2.6
3891,2.8
3892,4.4
3893,4.9
3894,4.8
3895,4.7
3896,4.0
3897,3.7
3898,3.7
3899,3.6
3900,3.6
3901,3.1
3902,3.1
3903,3.2
3904,2.8
3905,2.7
3906,2.9
3907,3.2
3908,3.4
3909,3.2
3910,3.0
3911,2.4
3912,2.3
3913,2.1
3914,2.5
3915,2.6
3916,3.0
3917,3.3
3918,3.4
3919,3.3
3920,3.0
3921,2.8
3922,2.6
3923,2.6
3924,2.4
3925,2.4
3926,2.3
3927,2.2
3928,2.2
3929,2.2
3930,2.2
3931,2.5
3932,2.9
3933,3.0
3934,3.0
3935,2.5
3936,2.4
3937,2.4
3938,2.5
3939,2.7
3940,3.1
3941,3.2
3942,2.9
3943,2.9
3944,2.5
3945,2.3
3946,2.1
3947,2.2
3948,2.2
3949,2.3
3950,2.4
3951,2.6
3952,2.7
3953,2.4
3954,2.3
3955,2.2
3956,2.4
3957,2.6
3958,2.5
3959,2.3
3960,2.0
3961,2.3
3962,2.4
3963,2.7
3964,2.8
3965,3.3
3966,3.5
3967,3.9
3968,3.5
3969,3.5
3970,3.1
3971,2.7
3972,2.3
3973,2.0
3974,1.9
3975,2.0
3976,2.0
3977,2.2
3978,2.4
3979,2.6
3980,2.8
3981,3.0
3982,2.7
3983,2.3
3984,2.1
3985,2.6
3986,2.6
3987,2.7
3988,3.1
3989,3.4
3990,3.0
3991,3.1
3992,3.0
3993,3.0
3994,2.8
3995,2.6
3996,2.7
3997,2.9
3998,2.6
3999,2.5
4000,2.4
4001,2.5
4002,2.5
4003,2.9
4004,3.0
4005,3.1
4006,3.0
4007,2.7
4008,2.5
4009,2.5
4010,2.7
4011,2.8
4012,3.1
4013,3.5
4014,4.0
4015,3.7
4016,2.8
4017,2.7
4018,2.4
4019,2.4
4020,2.7
4021,2.7
4022,2.1
4023,1.9
4024,1.7
4025,1.7
4026,2.2
4027,2.2
4028,2.3
4029,2.3
4030,2.3
4031,2.0
4032,1.9
4033,1.7
4034,1.9
4035,1.9
4036,1.8
4037,2.5
4038,2.5
4039,2.7
4040,2.7
4041,2.5
4042,2.3
4043,2.0
4044,2.0
4045,2.0
4046,1.9
4047,1.8
4048,1.7
4049,2.0
4050,2.0
4051,2.4
4052,2.3
4053,2.3
4054,2.2
4055,2.0
4056,1.8
4057,1.9
4058,1.9
4059,2.0
4060,1.9
4061,2.5
4062,2.8
4063,3.0
4064,3.0
4065,3.0
4066,2.8
4067,3.0
4068,2.8
4069,2.5
4070,2.5
4071,2.3
4072,2.3
4073,2.2
4074,2.4
4075,2.4
4076,2.8
4077,2.7
4078,2.7
4079,2.4
4080,2.2
4081,2.2
4082,2.3
4083,2.3
4084,2.6
4085,2.9
4086,2.5
4087,2.4
4088,2.5
4089,2.4
4090,2.0
4091,2.1
4092,2.8
4093,2.4
4094,2.2
4095,2.1
4096,1.9
4097,1.9
4098,2.1
4099,2.1
4100,2.2
4101,2.5
4102,2.4
4103,2.3
4104,2.3
4105,2.3
4106,2.3
4107,2.4
4108,2.4
4109,2.8
4110,2.3
4111,2.5
4112,2.7
4113,2.6
4114,2.2
4115,1.9
4116,2.1
4117,1.9
4118,2.1
4119,2.7
4120,2.7
4121,2.3
4122,2.3
4123,2.4
4124,2.8
4125,2.8
4126,2.8
4127,2.4
4128,2.2
4129,2.4
4130,2.5
4131,2.6
4132,2.7
4133,3.0
4134,2.9
4135,3.1
4136,2.8
4137,2.8
4138,2.3
4139,2.3
4140,2.1
4141,1.8
4142,1.8
4143,1.7
4144,1.5
4145,1.6
4146,2.0
4147,2.3
4148,2.4
4149,2.3
4150,2.1
4151,2.2
4152,2.0
4153,2.2
4154,2.4
4155,2.3
4156,2.4
4157,2.7
4158,2.5
4159,2.2
4160,2.1
4161,2.0
4162,1.6
4163,1.7
4164,1.7
4165,1.7
4166,1.7
4167,1.6
4168,1.3
4169,1.6
4170,1.9
4171,2.1
4172,2.0
4173,2.1
4174,2.1
4175,2.0
4176,1.8
4177,2.0
4178,2.0
4179,2.1
4180,2.2
4181,2.6
4182,2.5
4183,2.4
4184,2.3
4185,2.1
4186,1.4
4187,1.9
4188,1.7
4189,1.8
4190,1.7
4191,1.5
4192,1.5
4193,1.5
4194,1.9
4195,2.1
4196,2.0
4197,1.9
4198,1.7
4199,1.7
4200,1.6
4201,1.7
4202,1.6
4203,1.7
4204,1.6
4205,1.9
4206,2.0
4207,2.1
4208,1.6
4209,2.0
4210,1.9
4211,1.9
4212,1.9
4213,1.9
4214,2.0
4215,2.4
4216,2.6
4217,2.6
4218,2.4
4219,2.4
4220,2.4
4221,2.3
4222,2.1
4223,1.8
4224,1.7
4225,1.7
4226,1.6
4227,1.7
4228,1.7
4229,2.2
4230,2.3
4231,2.8
4232,2.3
4233,2.2
4234,1.6
4235,2.0
4236,1.9
4237,2.0
4238,1.9
4239,1.8
4240,1.9
4241,2.0
4242,2.2
4243,2.3
4244,2.3
4245,2.1
4246,1.9
4247,1.8
4248,1.6
4249,1.8
4250,1.5
4251,1.6
4252,1.8
4253,2.0
4254,2.0
4255,1.7
4256,2.2
4257,2.0
4258,2.1
4259,2.0
4260,2.0
4261,1.8
4262,1.8
4263,1.7
4264,1.7
4265,1.8
4266,2.3
4267,2.3
4268,2.2
4269,2.0
4270,2.1
4271,1.9
4272,1.8
4273,1.7
4274,1.8
4275,1.7
4276,1.7
4277,1.9
4278,1.9
4279,2.1
4280,2.1
4281,2.3
4282,2.1
4283,2.1
4284,2.2
4285,2.0
4286,1.9
4287,1.9
4288,1.5
4289,1.6
4290,1.8
4291,2.0
4292,2.1
4293,2.0
4294,1.9
4295,1.9
4296,1.8
4297,1.8
4298,1.8
4299,1.7
4300,1.9
4301,2.2
4302,2.3
4303,2.8
4304,2.4
4305,2.5
4306,1.9
4307,1.9
4308,1.7
4309,1.8
4310,1.6
4311,1.4
4312,1.4
4313,1.4
4314,1.6
4315,1.8
4316,2.1
4317,2.0
4318,1.8
4319,1.6
4320,1.6
4321,1.5
4322,1.5
4323,1.6
4324,1.4
4325,1.9
4326,1.5
4327,1.8
4328,1.9
4329,1.8
4330,1.8
4331,1.8
4332,1.5
4333,1.7
4334,1.6
4335,1.7
4336,1.5
4337,1.6
4338,1.8
4339,1.6
4340,1.8
4341,2.1
4342,2.1
4343,1.8
4344,1.6
4345,1.4
4346,1.4
4347,1.5
4348,1.4
4349,1.7
4350,1.6
4351,1.9
4352,1.8
4353,1.7
4354,1.7
4355,1.5
4356,1.4
4357,1.3
4358,1.4
4359,1.5
4360,1.5
4361,1.7
4362,1.7
4363,1.7
4364,1.6
4365,1.5
4366,1.8
4367,2.2
4368,1.6
4369,1.5
4370,1.3
4371,1.5
4372,1.4
4373,1.5
4374,1.6
4375,1.6
4376,1.6
4377,1.0
4378,1.1
4379,1.2
4380,1.3
4381,1.4
4382,1.4
4383,1.5
4384,1.7
4385,1.5
4386,1.7
4387,1.6
4388,1.6
4389,1.5
4390,2.0
4391,1.8
4392,1.5
4393,1.4
4394,1.3
4395,1.4
4396,1.4
4397,1.5
4398,1.8
4399,2.2
4400,1.6
4401,1.7
4402,1.5
4403,1.2
4404,1.4
4405,1.7
4406,1.7
4407,1.7
4408,1.8
4409,1.7
4410,1.7
4411,1.7
4412,1.5
4413,1.4
4414,1.9
4415,1.8
4416,1.4
4417,1.3
4418,1.2
4419,1.3
4420,1.3
4421,1.4
4422,1.4
4423,1.4
4424,1.6
4425,1.5
4426,1.4
4427,1.5
4428,1.6
4429,1.6
4430,1.4
4431,1.3
4432,1.4
4433,1.3
4434,1.5
4435,1.5
4436,1.9
4437,1.6
4438,1.4
4439,1.4
4440,1.5
4441,1.3
4442,1.3
4443,1.4
4444,1.4
4445,1.4
4446,1.4
4447,1.5
4448,1.6
4449,1.6
4450,1.5
4451,1.6
4452,1.5
4453,1.4
4454,1.6
4455,1.1
4456,1.3
4457,1.4
4458,1.3
4459,1.4
4460,1.1
4461,2.2
4462,1.7
4463,1.4
4464,1.4
4465,1.3
4466,1.4
4467,1.6
4468,1.5
4469,1.5
4470,1.6
4471,1.6
4472,1.4
4473,2.2
4474,1.6
4475,1.8
4476,1.7
4477,1.5
4478,1.4
4479,1.1
4480,1.4
4481,1.5
4482,1.4
4483,1.4
4484,1.8
4485,2.1
4486,1.7
4487,1.6
4488,1.5
4489,1.6
4490,1.4
4491,1.7
4492,1.8
4493,1.7
4494,1.8
4495,1.9
4496,1.7
4497,1.6
4498,1.7
4499,1.9
4500,1.4
4501,1.6
4502,1.3
4503,1.5
4504,1.4
4505,1.7
4506,1.7
4507,1.7
4508,1.6
4509,1.6
4510,1.7
4511,1.7
4512,1.6
4513,1.7
4514,1.6
4515,1.9
4516,1.8
4517,2.7
4518,2.1
4519,2.0
4520,1.5
4521,1.8
4522,1.7
4523,1.8
4524,1.5
4525,1.6
4526,1.9
4527,1.7
4528,1.6
4529,1.8
4530,1.7
4531,1.6
4532,1.5
4533,2.0
4534,1.6
4535,1.5
4536,1.5
4537,1.7
4538,1.6
4539,1.5
4540,2.3
4541,2.3
4542,2.2
4543,1.9
4544,2.3
4545,1.7
4546,1.8
4547,1.5
4548,2.0
4549,1.7
4550,1.9
4551,1.6
4552,2.0
4553,1.7
4554,1.9
4555,1.8
4556,2.6
4557,2.9
4558,2.5
4559,1.5
4560,1.5
4561,1.6
4562,1.8
4563,2.1
4564,2.3
4565,2.6
4566,2.5
4567,2.9
4568,3.1
4569,2.7
4570,2.6
4571,2.4
4572,2.4
4573,2.2
4574,2.1
4575,1.9
4576,1.7
4577,2.1
4578,2.3
4579,2.2
4580,2.3
4581,2.3
4582,2.1
4583,1.8
4584,1.7
4585,1.8
4586,1.6
4587,1.9
4588,2.0
4589,2.4
4590,2.3
4591,2.5
4592,2.5
4593,2.3
4594,2.1
4595,2.1
4596,2.0
4597,2.4
4598,2.2
4599,1.8
4600,1.6
4601,1.7
4602,1.9
4603,2.1
4604,2.0
4605,2.1
4606,2.1
4607,1.7
4608,1.6
4609,1.6
4610,1.6
4611,1.8
4612,2.3
4613,2.4
4614,2.3
4615,2.3
4616,2.0
4617,2.0
4618,1.9
4619,1.6
4620,1.7
4621,1.6
4622,1.7
4623,1.6
4624,1.6
4625,1.8
4626,1.9
4627,1.9
4628,1.9
4629,1.9
4630,1.9
4631,1.4
4632,1.4
4633,1.6
4634,1.5
4635,1.7
4636,1.7
4637,2.2
4638,2.2
4639,2.5
4640,2.6
4641,2.6
4642,2.0
4643,1.8
4644,1.7
4645,1.3
4646,1.2
4647,1.4
4648,1.3
4649,1.3
4650,1.4
4651,1.5
4652,2.3
4653,1.8
4654,1.8
4655,1.6
4656,1.5
4657,1.4
4658,1.4
4659,1.5
4660,1.8
4661,2.1
4662,2.1
4663,1.8
4664,1.6
4665,1.4
4666,1.5
4667,1.6
4668,1.7
4669,1.6
4670,1.1
4671,1.3
4672,1.2
4673,1.4
4674,1.4
4675,1.3
4676,2.3
4677,2.2
4678,1.8
4679,1.5
4680,1.3
4681,1.4
4682,1.3
4683,1.4
4684,1.4
4685,1.7
4686,1.7
4687,1.8
4688,1.8
4689,1.5
4690,1.7
4691,1.5
4692,1.3
4693,1.3
4694,1.4
4695,1.5
4696,1.6
4697,1.8
4698,1.9
4699,1.9
4700,1.7
4701,2.0
4702,2.3
4703,1.6
4704,1.4
4705,1.3
4706,1.3
4707,1.4
4708,1.5
4709,1.7
4710,1.8
4711,1.7
4712,1.4
4713,1.4
4714,1.5
4715,1.3
4716,1.4
4717,1.4
4718,1.5
4719,1.6
4720,1.7
4721,1.8
4722,1.7
4723,1.9
4724,1.6
4725,2.2
4726,2.1
4727,1.4
4728,1.4
4729,1.4
4730,1.3
4731,1.4
4732,1.5
4733,1.6
4734,1.6
4735,1.5
4736,1.9
4737,1.4
4738,1.5
4739,1.4
4740,1.5
4741,1.7
4742,2.0
4743,1.7
4744,1.5
4745,1.5
4746,1.4
4747,1.5
4748,1.9
4749,1.6
4750,1.6
4751,1.4
4752,1.5
4753,1.5
4754,1.5
4755,1.5
4756,1.5
4757,1.7
4758,1.8
4759,1.7
4760,1.8
4761,1.6
4762,1.6
4763,1.6
4764,2.0
4765,1.5
4766,1.8
4767,1.5
4768,1.5
4769,1.6
4770,1.6
4771,1.6
4772,1.7
4773,1.6
4774,1.7
4775,1.6
4776,1.5
4777,1.6
4778,1.5
4779,1.6
4780,1.6
4781,1.8
4782,1.7
4783,1.8
4784,1.8
4785,1.7
4786,1.4
4787,1.5
4788,1.5
4789,1.6
4790,1.6
4791,1.2
4792,1.4
4793,1.6
4794,1.5
4795,1.5
4796,1.5
4797,1.8
4798,1.7
4799,2.2
4800,1.4
4801,1.7
4802,1.4
4803,1.7
4804,1.7
4805,2.2
4806,2.4
4807,2.3
4808,2.0
4809,2.0
4810,1.9
4811,1.9
4812,1.8
4813,1.6
4814,1.6
4815,1.5
4816,1.5
4817,1.5
4818,1.4
4819,1.6
4820,1.6
4821,1.6
4822,1.9
4823,1.6
4824,1.3
4825,1.4
4826,1.6
4827,1.5
4828,1.9
4829,1.9
4830,1.9
4831,1.9
4832,1.9
4833,1.6
4834,1.7
4835,1.4
4836,1.4
4837,1.5
4838,1.5
4839,1.5
4840,1.4
4841,1.5
4842,1.7
4843,1.7
4844,1.6
4845,1.8
4846,1.7
4847,1.4
4848,1.4
4849,1.4
4850,1.4
4851,1.5
4852,1.7
4853,1.9
4854,1.8
4855,1.7
4856,1.6
4857,1.6
4858,1.6
4859,1.5
4860,1.5
4861,1.5
4862,1.6
4863,1.6
4864,1.6
4865,1.6
4866,1.5
4867,1.6
4868,1.6
4869,1.5
4870,1.6
4871,1.5
4872,1.4
4873,1.4
4874,1.4
4875,1.4
4876,1.5
4877,1.6
4878,1.8
4879,1.9
4880,1.8
4881,1.7
4882,1.4
4883,1.5
4884,1.5
4885,1.3
4886,1.4
4887,1.5
4888,1.7
4889,1.8
4890,1.8
4891,1.7
4892,1.7
4893,1.8
4894,1.7
4895,1.6
4896,1.6
4897,1.6
4898,1.6
4899,1.6
4900,1.7
4901,1.7
4902,2.0
4903,2.2
4904,2.3
4905,1.9
4906,1.7
4907,1.6
4908,1.6
4909,1.6
4910,1.4
4911,1.5
4912,1.8
4913,1.8
4914,1.7
4915,1.6
4916,1.7
4917,1.8
4918,1.8
4919,1.7
4920,1.7
4921,1.6
4922,1.6
4923,1.6
4924,1.8
4925,1.9
4926,1.8
4927,1.9
4928,1.9
4929,1.6
4930,2.3
4931,2.1
4932,1.8
4933,1.4
4934,1.5
4935,1.6
4936,1.7
4937,1.8
4938,1.6
4939,1.8
4940,1.9
4941,2.0
4942,1.8
4943,1.6
4944,1.7
4945,1.8
4946,2.0
4947,2.3
4948,2.1
4949,2.3
4950,1.8
4951,2.0
4952,1.7
4953,1.8
4954,1.9
4955,1.7
4956,1.6
4957,1.4
4958,1.3
4959,1.3
4960,1.3
4961,1.4
4962,1.3
4963,1.4
4964,1.5
4965,1.4
4966,1.4
4967,1.2
4968,1.3
4969,1.2
4970,1.2
4971,1.3
4972,1.4
4973,1.8
4974,1.7
4975,1.7
4976,1.6
4977,1.5
4978,1.6
4979,1.5
4980,1.5
4981,1.3
4982,1.5
4983,1.4
4984,1.5
4985,1.4
4986,1.5
4987,1.5
4988,1.4
4989,1.9
4990,1.8
4991,1.4
4992,1.4
4993,1.3
4994,1.3
4995,1.3
4996,1.5
4997,1.8
4998,1.6
4999,1.7
5000,1.6
5001,1.6
5002,1.5
5003,1.5
5004,1.5
5005,1.5
5006,1.4
5007,1.4
5008,1.4
5009,1.5
5010,1.4
5011,1.6
5012,1.4
5013,1.5
5014,1.5
5015,1.6
5016,1.4
5017,1.5
5018,1.5
5019,1.6
5020,1.7
5021,1.8
5022,1.8
5023,1.9
5024,1.7
5025,1.6
5026,1.5
5027,1.4
5028,1.3
5029,1.5
5030,1.3
5031,1.4
5032,1.4
5033,1.3
5034,1.4
5035,1.4
5036,1.5
5037,1.9
5038,1.5
5039,1.3
5040,1.3
5041,1.2
5042,1.1
5043,1.4
5044,1.3
5045,1.5
5046,1.6
5047,1.7
5048,1.6
5049,1.6
5050,1.3
5051,1.4
5052,1.5
5053,1.4
5054,1.7
5055,1.6
5056,1.5
5057,1.5
5058,1.6
5059,1.6
5060,1.5
5061,1.5
5062,1.7
5063,1.5
5064,1.6
5065,1.5
5066,1.5
5067,1.6
5068,1.8
5069,1.8
5070,2.0
5071,2.0
5072,1.6
5073,1.6
5074,1.6
5075,1.5
5076,1.4
5077,1.5
5078,1.4
5079,1.5
5080,1.3
5081,1.5
5082,1.6
5083,1.7
5084,1.6
5085,1.7
5086,1.7
5087,1.6
5088,1.6
5089,1.6
5090,1.7
5091,1.7
5092,1.7
5093,1.9
5094,1.7
5095,1.9
5096,1.9
5097,1.7
5098,1.6
5099,1.6
5100,1.5
5101,1.5
5102,1.4
5103,1.4
5104,1.4
5105,1.4
5106,1.4
5107,1.4
5108,1.8
5109,1.5
5110,1.5
5111,1.2
5112,1.2
5113,1.3
5114,1.3
5115,1.4
5116,1.5
5117,1.7
5118,1.4
5119,1.5
5120,1.5
5121,1.4
5122,1.3
5123,1.4
5124,1.3
5125,1.3
5126,1.4
5127,1.3
5128,1.3
5129,1.3
5130,1.8
5131,1.5
5132,1.5
5133,1.6
5134,1.6
5135,1.4
5136,1.4
5137,1.2
5138,1.3
5139,1.2
5140,1.4
5141,1.6
5142,1.5
5143,1.6
5144,1.6
5145,1.4
5146,1.4
5147,1.6
5148,1.5
5149,1.5
5150,1.4
5151,1.4
5152,1.5
5153,1.3
5154,1.3
5155,1.5
5156,1.3
5157,1.5
5158,1.6
5159,1.5
5160,1.5
5161,1.4
5162,1.4
5163,1.5
5164,1.8
5165,1.9
5166,1.9
5167,2.0
5168,1.6
5169,1.7
5170,1.4
5171,1.7
5172,2.2
5173,2.2
5174,2.3
5175,2.3
5176,2.3
5177,2.2
5178,2.3
5179,2.7
5180,2.5
5181,2.4
5182,2.2
5183,1.5
5184,2.3
5185,1.8
5186,2.3
5187,2.3
5188,2.4
5189,2.6
5190,2.6
5191,2.6
5192,2.3
5193,2.4
5194,2.0
5195,2.2
5196,2.1
5197,2.2
5198,1.9
5199,2.0
5200,2.0
5201,2.0
5202,2.1
5203,2.1
5204,2.6
5205,2.6
5206,2.3
5207,2.0
5208,2.1
5209,1.9
5210,2.0
5211,2.0
5212,2.4
5213,2.2
5214,2.3
5215,2.4
5216,2.3
5217,2.4
5218,2.2
5219,2.0
5220,1.8
5221,1.8
5222,1.9
5223,1.8
5224,1.8
5225,1.9
5226,2.0
5227,2.1
5228,2.9
5229,2.5
5230,2.3
5231,2.0
5232,1.9
5233,1.9
5234,2.0
5235,2.0
5236,2.0
5237,2.0
5238,1.6
5239,2.1
5240,2.2
5241,2.3
5242,2.1
5243,2.3
5244,1.9
5245,1.7
5246,1.8
5247,1.7
5248,1.7
5249,1.6
5250,1.5
5251,1.5
5252,1.3
5253,1.4
5254,1.9
5255,1.4
5256,1.2
5257,1.1
5258,1.3
5259,1.3
5260,1.4
5261,1.3
5262,1.6
5263,1.5
5264,1.5
5265,1.4
5266,1.4
5267,1.4
5268,1.3
5269,1.5
5270,1.5
5271,1.5
5272,1.6
5273,1.3
5274,1.2
5275,1.4
5276,1.4
5277,2.3
5278,1.8
5279,1.3
5280,1.3
5281,1.4
5282,1.3
5283,1.3
5284,1.4
5285,1.5
5286,1.4
5287,1.5
5288,1.4
5289,1.6
5290,1.5
5291,1.4
5292,1.3
5293,1.3
5294,1.3
5295,2.0
5296,1.4
5297,1.4
5298,1.3
5299,1.3
5300,1.8
5301,1.5
5302,1.4
5303,1.2
5304,1.2
5305,1.2
5306,1.3
5307,1.3
5308,1.1
5309,1.2
5310,1.6
5311,1.7
5312,1.6
5313,1.6
5314,1.5
5315,1.3
5316,1.3
5317,1.3
5318,1.3
5319,1.3
5320,1.3
5321,1.6
5322,1.9
5323,1.5
5324,1.5
5325,1.3
5326,1.3
5327,1.3
5328,1.2
5329,1.2
5330,1.3
5331,1.2
5332,1.5
5333,1.6
5334,1.7
5335,1.8
5336,1.7
5337,1.7
5338,1.7
5339,1.6
5340,1.5
5341,1.5
5342,1.5
5343,1.4
5344,1.4
5345,1.4
5346,1.5
5347,1.5
5348,1.5
5349,1.5
5350,1.5
5351,1.4
5352,1.4
5353,1.3
5354,1.3
5355,1.3
5356,1.5
5357,1.6
5358,1.7
5359,1.8
5360,2.0
5361,1.7
5362,1.7
5363,1.5
5364,1.5
5365,1.4
5366,1.3
5367,1.5
5368,1.4
5369,1.5
5370,1.8
5371,1.5
5372,1.6
5373,1.6
5374,1.4
5375,1.5
5376,1.4
5377,1.5
5378,1.4
5379,1.4
5380,1.7
5381,1.9
5382,1.9
5383,1.9
5384,1.6
5385,1.7
5386,1.5
5387,1.5
5388,1.5
5389,1.5
5390,1.5
5391,1.4
5392,1.5
5393,1.6
5394,1.6
5395,1.6
5396,2.0
5397,2.0
5398,1.9
5399,1.6
5400,1.7
5401,1.6
5402,1.6
5403,1.7
5404,2.0
5405,2.0
5406,2.7
5407,2.7
5408,1.6
5409,1.5
5410,1.6
5411,1.6
5412,1.5
5413,1.6
5414,1.7
5415,1.6
5416,1.6
5417,1.5
5418,1.7
5419,1.6
5420,1.8
5421,1.8
5422,1.7
5423,1.6
5424,1.5
5425,1.5
5426,1.6
5427,1.5
5428,1.7
5429,2.0
5430,2.1
5431,1.8
5432,1.8
5433,1.8
5434,1.4
5435,1.6
5436,1.4
5437,1.6
5438,1.5
5439,1.4
5440,1.4
5441,1.4
5442,1.4
5443,1.5
5444,1.5
5445,2.1
5446,1.8
5447,1.5
5448,1.4
5449,1.4
5450,1.5
5451,1.5
5452,1.6
5453,1.8
5454,1.8
5455,1.6
5456,1.6
5457,1.6
5458,1.5
5459,1.5
5460,1.6
5461,1.5
5462,1.6
5463,1.4
5464,1.4
5465,1.5
5466,1.5
5467,2.0
5468,1.7
5469,1.7
5470,1.4
5471,1.5
5472,1.5
5473,1.5
5474,1.4
5475,1.5
5476,1.7
5477,1.8
5478,1.7
5479,1.9
5480,2.3
5481,1.8
5482,1.9
5483,1.5
5484,1.6
5485,1.8
5486,1.4
5487,1.5
5488,1.4
5489,1.4
5490,1.4
5491,1.5
5492,1.7
5493,1.5
5494,1.6
5495,1.5
5496,1.3
5497,1.4
5498,1.4
5499,1.4
5500,1.6
5501,1.9
5502,1.9
5503,2.0
5504,1.7
5505,1.6
5506,1.5
5507,1.4
5508,1.5
5509,1.4
5510,1.4
5511,1.5
5512,1.4
5513,1.3
5514,1.5
5515,1.6
5516,1.8
5517,1.8
5518,1.7
5519,1.7
5520,1.4
5521,1.5
5522,1.5
5523,1.5
5524,1.8
5525,2.1
5526,2.0
5527,2.0
5528,1.7
5529,1.5
5530,1.7
5531,1.4
5532,1.5
5533,1.4
5534,1.4
5535,1.4
5536,1.4
5537,1.4
5538,1.5
5539,1.4
5540,1.5
5541,2.0
5542,1.6
5543,1.3
5544,1.2
5545,1.2
5546,1.3
5547,1.3
5548,1.5
5549,1.5
5550,1.7
5551,1.8
5552,1.7
5553,1.6
5554,1.4
5555,1.5
5556,1.2
5557,1.3
5558,1.5
5559,1.6
5560,1.8
5561,1.7
5562,1.9
5563,1.8
5564,1.7
5565,1.7
5566,1.6
5567,1.6
5568,2.1
5569,1.5
5570,1.3
5571,1.2
5572,1.2
5573,1.4
5574,1.6
5575,1.8
5576,2.0
5577,1.6
5578,1.4
5579,1.5
5580,1.4
5581,1.5
5582,1.4
5583,1.4
5584,1.4
5585,1.5
5586,1.5
5587,1.6
5588,1.8
5589,1.8
5590,1.6
5591,1.4
5592,1.3
5593,1.4
5594,1.4
5595,1.5
5596,1.6
5597,1.9
5598,1.9
5599,1.8
5600,1.8
5601,1.8
5602,1.5
5603,1.4
5604,1.5
5605,1.4
5606,1.4
5607,1.4
5608,1.3
5609,1.4
5610,1.5
5611,1.5
5612,1.6
5613,1.6
5614,1.4
5615,1.3
5616,1.6
5617,1.6
5618,1.6
5619,1.6
5620,1.7
5621,2.0
5622,1.8
5623,1.8
5624,1.7
5625,1.6
5626,1.5
5627,1.4
5628,1.4
5629,1.3
5630,1.3
5631,1.3
5632,1.1
5633,1.2
5634,1.3
5635,1.9
5636,1.6
5637,1.7
5638,1.4
5639,1.3
5640,1.4
5641,1.3
5642,1.3
5643,1.4
5644,1.7
5645,1.8
5646,1.5
5647,1.7
5648,1.5
5649,1.5
5650,1.5
5651,1.3
5652,1.3
5653,1.5
5654,1.5
5655,1.3
5656,1.3
5657,1.4
5658,1.4
5659,1.5
5660,2.0
5661,1.7
5662,1.5
5663,1.3
5664,1.4
5665,1.4
5666,1.3
5667,1.4
5668,1.5
5669,1.7
5670,1.7
5671,1.7
5672,1.6
5673,1.6
5674,1.5
5675,1.5
5676,1.6
5677,1.4
5678,1.5
5679,1.8
5680,1.7
5681,1.6
5682,1.6
5683,1.6
5684,1.6
5685,1.6
5686,1.5
5687,1.4
5688,1.4
5689,1.4
5690,1.4
5691,1.5
5692,1.5
5693,1.7
5694,1.6
5695,1.6
5696,1.8
5697,1.8
5698,1.6
5699,1.6
5700,1.5
5701,1.6
5702,1.5
5703,1.5
5704,1.4
5705,1.4
5706,1.8
5707,1.6
5708,1.7
5709,1.6
5710,1.6
5711,1.5
5712,1.5
5713,1.5
5714,1.5
5715,1.5
5716,1.7
5717,1.7
5718,1.8
5719,1.7
5720,1.6
5721,1.6
5722,1.6
5723,1.4
5724,1.5
5725,1.5
5726,1.5
5727,1.5
5728,1.6
5729,1.5
5730,1.6
5731,1.5
5732,2.0
5733,2.0
5734,1.5
5735,1.5
5736,1.4
5737,1.4
5738,1.5
5739,1.6
5740,1.5
5741,1.6
5742,1.5
5743,2.3
5744,1.9
5745,1.7
5746,1.6
5747,1.5
5748,1.6
5749,1.7
5750,1.6
5751,1.7
5752,1.7
5753,1.7
5754,1.6
5755,1.7
5756,1.6
5757,1.7
5758,1.7
5759,1.7
5760,1.5
5761,1.9
5762,1.6
5763,1.6
5764,2.1
5765,2.1
5766,2.2
5767,2.0
5768,1.5
5769,1.7
5770,1.6
5771,1.6
5772,1.6
5773,1.7
5774,1.8
5775,1.7
5776,1.9
5777,1.6
5778,1.8
5779,2.4
5780,2.1
5781,2.6
5782,2.4
5783,1.5
5784,1.7
5785,1.5
5786,1.5
5787,1.8
5788,2.2
5789,2.8
5790,2.2
5791,2.2
5792,1.8
5793,1.8
5794,1.7
5795,1.7
5796,1.7
5797,1.9
5798,2.2
5799,3.1
5800,2.3
5801,2.1
5802,2.1
5803,2.3
5804,2.3
5805,2.4
5806,2.1
5807,1.8
5808,1.7
5809,1.8
5810,1.8
5811,2.1
5812,2.1
5813,2.6
5814,2.5
5815,3.1
5816,2.7
5817,2.1
5818,1.7
5819,1.6
5820,1.6
5821,1.5
5822,1.3
5823,1.2
5824,1.3
5825,1.2
5826,1.7
5827,1.7
5828,1.9
5829,1.6
5830,1.7
5831,1.6
5832,1.4
5833,1.5
5834,1.5
5835,1.6
5836,1.9
5837,1.9
5838,2.4
5839,2.7
5840,2.5
5841,1.8
5842,1.6
5843,1.5
5844,1.4
5845,1.2
5846,1.2
5847,1.4
5848,1.4
5849,1.6
5850,2.0
5851,2.3
5852,2.4
5853,2.0
5854,1.7
5855,1.5
5856,1.3
5857,1.4
5858,1.5
5859,1.6
5860,1.7
5861,2.1
5862,2.2
5863,2.7
5864,2.3
5865,2.0
5866,1.8
5867,1.6
5868,1.6
5869,1.6
5870,1.5
5871,1.4
5872,1.5
5873,1.5
5874,1.6
5875,1.8
5876,2.0
5877,2.0
5878,1.8
5879,1.5
5880,1.4
5881,1.5
5882,1.5
5883,1.5
5884,1.7
5885,2.1
5886,2.5
5887,2.8
5888,2.7
5889,2.6
5890,2.3
5891,2.4
5892,2.1
5893,2.0
5894,1.8
5895,1.7
5896,1.9
5897,1.9
5898,2.2
5899,2.3
5900,2.3
5901,2.2
5902,1.9
5903,1.5
5904,1.5
5905,1.6
5906,1.9
5907,1.8
5908,2.0
5909,2.6
5910,2.7
5911,2.8
5912,2.5
5913,2.3
5914,1.9
5915,2.0
5916,1.9
5917,1.8
5918,1.6
5919,1.7
5920,1.7
5921,1.6
5922,2.1
5923,2.1
5924,2.1
5925,2.3
5926,2.1
5927,1.7
5928,1.8
5929,1.7
5930,1.8
5931,1.8
5932,1.9
5933,2.4
5934,2.1
5935,2.5
5936,2.6
5937,2.7
5938,2.5
5939,2.3
5940,2.3
5941,2.0
5942,1.9
5943,1.9
5944,2.1
5945,2.1
5946,2.1
5947,2.2
5948,2.4
5949,2.2
5950,2.2
5951,1.7
5952,1.6
5953,1.5
5954,1.8
5955,1.9
5956,2.0
5957,2.5
5958,2.4
5959,2.7
5960,2.5
5961,2.6
5962,2.4
5963,2.2
5964,2.2
5965,2.0
5966,2.1
5967,1.9
5968,1.9
5969,2.1
5970,2.2
5971,2.1
5972,2.3
5973,2.3
5974,2.2
5975,1.8
5976,1.8
5977,1.6
5978,1.7
5979,1.8
5980,2.4
5981,2.8
5982,2.8
5983,3.2
5984,3.0
5985,2.9
5986,2.5
5987,2.3
5988,2.1
5989,2.0
5990,1.7
5991,1.7
5992,1.6
5993,1.7
5994,1.8
5995,1.9
5996,2.1
5997,2.1
5998,1.9
5999,1.6
6000,1.6
6001,1.6
6002,1.7
6003,2.0
6004,2.6
6005,3.1
6006,3.1
6007,3.1
6008,2.6
6009,2.3
6010,2.0
6011,1.7
6012,1.6
6013,1.5
6014,1.3
6015,1.3
6016,1.3
6017,1.3
6018,1.4
6019,1.9
6020,2.0
6021,1.8
6022,1.7
6023,1.4
6024,1.5
6025,1.4
6026,1.5
6027,1.6
6028,1.9
6029,2.5
6030,2.5
6031,2.6
6032,2.3
6033,2.1
6034,1.7
6035,1.6
6036,1.7
6037,1.4
6038,1.4
6039,1.4
6040,1.7
6041,1.8
6042,1.8
6043,2.0
6044,2.1
6045,1.9
6046,1.6
6047,1.5
6048,1.4
6049,1.5
6050,1.5
6051,1.5
6052,1.7
6053,2.1
6054,2.6
6055,2.8
6056,2.6
6057,2.3
6058,1.9
6059,1.7
6060,1.7
6061,1.7
6062,1.6
6063,1.7
6064,1.8
6065,1.9
6066,2.0
6067,2.2
6068,2.3
6069,2.2
6070,2.1
6071,1.9
6072,1.7
6073,1.7
6074,1.8
6075,1.9
6076,2.2
6077,2.8
6078,2.9
6079,3.1
6080,2.9
6081,2.8
6082,2.5
6083,2.2
6084,2.1
6085,2.1
6086,1.6
6087,1.7
6088,1.7
6089,1.8
6090,2.2
6091,2.1
6092,2.4
6093,2.3
6094,2.1
6095,1.7
6096,1.6
6097,1.7
6098,1.7
6099,1.9
6100,2.2
6101,2.8
6102,2.8
6103,2.8
6104,2.6
6105,2.4
6106,2.0
6107,1.9
6108,2.1
6109,1.9
6110,1.7
6111,1.8
6112,1.9
6113,1.9
6114,2.1
6115,2.2
6116,2.2
6117,2.3
6118,2.3
6119,1.9
6120,1.6
6121,1.7
6122,1.6
6123,1.8
6124,2.1
6125,2.4
6126,2.2
6127,2.6
6128,2.5
6129,2.4
6130,2.1
6131,1.9
6132,2.0
6133,2.1
6134,1.9
6135,1.9
6136,1.9
6137,2.2
6138,2.3
6139,2.2
6140,2.4
6141,2.7
6142,2.3
6143,1.8
6144,1.6
6145,1.5
6146,1.7
6147,2.0
6148,1.9
6149,2.7
6150,2.8
6151,3.1
6152,2.9
6153,2.7
6154,2.9
6155,2.8
6156,2.4
6157,2.5
6158,2.3
6159,2.3
6160,2.2
6161,2.3
6162,2.3
6163,2.6
6164,2.6
6165,2.4
6166,2.1
6167,1.6
6168,1.5
6169,1.5
6170,1.7
6171,1.9
6172,2.1
6173,2.8
6174,3.0
6175,3.0
6176,2.8
6177,2.6
6178,2.4
6179,2.2
6180,2.2
6181,1.9
6182,1.6
6183,1.7
6184,1.8
6185,2.2
6186,2.2
6187,2.4
6188,2.5
6189,2.4
6190,2.0
6191,1.7
6192,1.5
6193,1.4
6194,1.6
6195,1.7
6196,1.8
6197,2.3
6198,2.3
6199,2.8
6200,2.6
6201,2.7
6202,2.5
6203,2.3
6204,2.1
6205,1.9
6206,1.6
6207,1.8
6208,1.8
6209,1.8
6210,2.3
6211,2.6
6212,2.7
6213,2.7
6214,2.6
6215,2.2
6216,1.9
6217,1.7
6218,1.8
6219,2.3
6220,2.7
6221,3.1
6222,3.3
6223,3.4
6224,3.2
6225,2.8
6226,2.4
6227,2.2
6228,2.1
6229,2.0
6230,1.8
6231,1.7
6232,2.0
6233,1.9
6234,2.3
6235,2.8
6236,2.9
6237,3.1
6238,3.1
6239,2.5
6240,2.3
6241,2.2
6242,2.2
6243,2.3
6244,2.9
6245,3.2
6246,3.8
6247,4.8
6248,3.6
6249,2.2
6250,0.9
6251,0.8
6252,2.9
6253,2.0
6254,1.9
6255,2.0
6256,2.1
6257,2.4
6258,2.5
6259,2.6
6260,2.6
6261,2.5
6262,2.2
6263,1.8
6264,1.8
6265,2.0
6266,2.0
6267,2.0
6268,2.4
6269,3.1
6270,3.1
6271,3.0
6272,2.7
6273,2.5
6274,2.3
6275,2.3
6276,1.9
6277,1.7
6278,1.6
6279,1.5
6280,1.4
6281,1.4
6282,1.8
6283,2.1
6284,2.6
6285,2.9
6286,2.6
6287,2.0
6288,1.9
6289,1.7
6290,1.9
6291,2.1
6292,2.1
6293,2.7
6294,2.8
6295,3.1
6296,2.7
6297,2.4
6298,2.2
6299,1.8
6300,1.6
6301,1.6
6302,1.4
6303,1.5
6304,1.3
6305,1.5
6306,1.8
6307,1.9
6308,2.2
6309,2.0
6310,2.1
6311,1.9
6312,1.8
6313,1.8
6314,1.9
6315,2.1
6316,2.3
6317,3.0
6318,3.2
6319,4.7
6320,3.9
6321,3.3
6322,2.4
6323,2.3
6324,2.2
6325,1.9
6326,1.8
6327,1.8
6328,1.9
6329,2.1
6330,2.5
6331,2.8
6332,2.8
6333,2.7
6334,2.6
6335,2.2
6336,2.0
6337,2.0
6338,1.8
6339,2.2
6340,2.5
6341,3.2
6342,3.2
6343,3.3
6344,3.2
6345,2.9
6346,2.8
6347,2.8
6348,2.7
6349,2.4
6350,2.2
6351,2.0
6352,1.8
6353,2.0
6354,2.4
6355,2.8
6356,2.9
6357,2.6
6358,2.1
6359,1.6
6360,1.6
6361,1.6
6362,1.7
6363,1.9
6364,2.2
6365,2.9
6366,3.0
6367,3.2
6368,3.0
6369,2.7
6370,2.3
6371,2.3
6372,2.4
6373,2.3
6374,2.1
6375,2.1
6376,2.5
6377,2.5
6378,2.6
6379,2.9
6380,2.8
6381,2.4
6382,2.6
6383,2.1
6384,1.9
6385,1.9
6386,2.0
6387,2.3
6388,2.5
6389,3.3
6390,3.7
6391,3.9
6392,3.8
6393,2.9
6394,2.6
6395,2.4
6396,2.5
6397,2.9
6398,2.5
6399,2.3
6400,2.3
6401,2.1
6402,2.5
6403,3.1
6404,2.9
6405,2.8
6406,2.5
6407,2.4
6408,2.3
6409,2.7
6410,2.4
6411,2.4
6412,2.7
6413,3.2
6414,3.2
6415,4.1
6416,3.9
6417,3.4
6418,2.5
6419,2.6
6420,2.5
6421,2.6
6422,2.3
6423,2.5
6424,2.9
6425,3.0
6426,2.8
6427,2.8
6428,2.8
6429,2.7
6430,2.7
6431,2.4
6432,2.2
6433,2.4
6434,2.3
6435,2.4
6436,2.5
6437,3.3
6438,2.9
6439,3.1
6440,3.0
6441,2.9
6442,2.5
6443,2.3
6444,2.3
6445,2.2
6446,1.9
6447,1.9
6448,1.8
6449,2.2
6450,2.4
6451,2.7
6452,2.8
6453,3.1
6454,2.9
6455,2.4
6456,2.0
6457,2.4
6458,2.6
6459,2.6
6460,2.8
6461,3.2
6462,3.2
6463,4.2
6464,3.8
6465,2.8
6466,2.5
6467,2.2
6468,2.0
6469,1.8
6470,1.8
6471,1.6
6472,1.6
6473,1.8
6474,2.4
6475,3.1
6476,3.0
6477,2.9
6478,2.8
6479,2.5
6480,2.1
6481,2.3
6482,2.3
6483,2.3
6484,2.6
6485,3.3
6486,3.1
6487,3.2
6488,3.0
6489,3.8
6490,3.0
6491,2.9
6492,2.9
6493,3.0
6494,2.9
6495,3.0
6496,3.0
6497,3.1
6498,3.2
6499,3.2
6500,3.2
6501,3.0
6502,2.9
6503,2.3
6504,2.0
6505,2.3
6506,2.3
6507,2.4
6508,2.8
6509,3.0
6510,3.3
6511,3.4
6512,3.0
6513,3.7
6514,4.0
6515,4.2
6516,3.5
6517,3.0
6518,3.1
6519,3.1
6520,3.1
6521,3.1
6522,3.5
6523,4.4
6524,4.2
6525,3.9
6526,3.4
6527,2.6
6528,2.7
6529,2.8
6530,3.0
6531,3.2
6532,4.1
6533,5.3
6534,5.0
6535,5.2
6536,4.9
6537,3.8
6538,3.7
6539,3.5
6540,3.1
6541,3.1
6542,2.8
6543,2.8
6544,2.6
6545,3.2
6546,3.1
6547,3.6
6548,3.2
6549,3.4
6550,3.8
6551,2.9
6552,2.3
6553,2.4
6554,2.6
6555,2.8
6556,3.2
6557,3.7
6558,4.6
6559,4.8
6560,4.3
6561,4.0
6562,3.7
6563,3.6
6564,3.4
6565,3.2
6566,3.1
6567,3.5
6568,3.8
6569,4.0
6570,4.0
6571,4.1
6572,4.1
6573,4.1
6574,3.8
6575,3.0
6576,2.7
6577,3.0
6578,3.1
6579,3.4
6580,3.9
6581,4.6
6582,4.3
6583,6.4
6584,6.1
6585,5.1
6586,4.9
6587,4.0
6588,3.9
6589,4.0
6590,3.7
6591,3.6
6592,3.5
6593,3.9
6594,4.2
6595,4.4
6596,4.3
6597,4.2
6598,3.9
6599,3.5
6600,3.4
6601,3.3
6602,3.3
6603,3.4
6604,3.5
6605,4.2
6606,3.9
6607,3.9
6608,4.1
6609,4.2
6610,4.0
6611,3.9
6612,4.0
6613,4.1
6614,4.0
6615,4.1
6616,4.1
6617,4.1
6618,4.2
6619,4.2
6620,4.1
6621,4.0
6622,3.9
6623,3.5
6624,3.1
6625,3.1
6626,3.1
6627,3.1
6628,3.4
6629,4.3
6630,4.0
6631,4.3
6632,4.2
6633,4.2
6634,4.1
6635,4.1
6636,4.1
6637,4.1
6638,4.0
6639,4.1
6640,4.3
6641,5.0
6642,6.5
6643,5.5
6644,5.1
6645,5.0
6646,3.9
6647,3.3
6648,3.2
6649,3.2
6650,3.5
6651,4.1
6652,4.0
6653,6.3
6654,7.1
6655,6.9
6656,6.5
6657,5.4
6658,4.5
6659,3.7
6660,3.7
6661,3.7
6662,3.6
6663,3.6
6664,3.8
6665,4.1
6666,4.2
6667,4.3
6668,4.3
6669,4.2
6670,3.9
6671,3.7
6672,3.4
6673,3.4
6674,3.3
6675,3.4
6676,3.9
6677,4.2
6678,4.2
6679,6.4
6680,5.6
6681,4.9
6682,3.8
6683,3.7
6684,3.5
6685,3.3
6686,2.9
6687,3.2
6688,3.6
6689,3.8
6690,4.0
6691,4.1
6692,4.2
6693,4.0
6694,3.4
6695,2.8
6696,2.6
6697,2.4
6698,2.3
6699,2.0
6700,2.5
6701,3.7
6702,3.5
6703,3.8
6704,3.9
6705,3.8
6706,3.6
6707,3.8
6708,3.9
6709,3.7
6710,3.3
6711,3.4
6712,3.7
6713,3.9
6714,4.0
6715,4.1
6716,4.2
6717,4.0
6718,3.7
6719,3.0
6720,2.8
6721,2.8
6722,3.0
6723,3.2
6724,3.7
6725,4.5
6726,4.3
6727,4.9
6728,6.6
6729,5.6
6730,4.9
6731,4.6
6732,3.9
6733,3.9
6734,3.8
6735,3.6
6736,3.8
6737,3.9
6738,4.1
6739,4.3
6740,4.3
6741,4.1
6742,3.9
6743,3.6
6744,3.5
6745,3.5
6746,3.5
6747,3.6
6748,4.5
6749,7.5
6750,7.3
6751,7.3
6752,6.8
6753,5.3
6754,4.8
6755,3.8
6756,3.9
6757,3.8
6758,3.8
6759,3.7
6760,3.8
6761,3.9
6762,4.4
6763,4.8
6764,6.7
6765,5.4
6766,4.9
6767,3.5
6768,3.4
6769,3.4
6770,3.5
6771,4.0
6772,4.0
6773,4.4
6774,4.7
6775,6.3
6776,6.0
6777,5.1
6778,5.2
6779,5.3
6780,5.3
6781,5.2
6782,5.2
6783,5.7
6784,5.9
6785,6.0
6786,5.9
6787,5.6
6788,5.3
6789,5.1
6790,4.7
6791,3.4
6792,3.2
6793,3.1
6794,3.3
6795,3.1
6796,3.2
6797,4.9
6798,4.9
6799,5.0
6800,5.3
6801,5.3
6802,5.3
6803,5.4
6804,4.9
6805,5.1
6806,4.7
6807,4.6
6808,4.4
6809,5.1
6810,5.6
6811,5.4
6812,5.6
6813,5.0
6814,4.2
6815,3.6
6816,3.6
6817,3.7
6818,3.8
6819,4.4
6820,5.3
6821,6.7
6822,6.6
6823,6.8
6824,7.1
6825,6.0
6826,5.3
6827,5.9
6828,6.1
6829,5.1
6830,4.6
6831,4.2
6832,4.3
6833,5.9
6834,6.9
6835,6.1
6836,5.8
6837,5.3
6838,4.1
6839,3.6
6840,3.7
6841,3.7
6842,3.8
6843,5.8
6844,5.8
6845,6.9
6846,7.9
6847,7.6
6848,7.5
6849,6.4
6850,5.4
6851,5.5
6852,5.3
6853,5.2
6854,5.4
6855,6.1
6856,5.7
6857,6.2
6858,6.9
6859,7.0
6860,6.5
6861,5.8
6862,5.1
6863,3.8
6864,3.9
6865,4.3
6866,5.6
6867,5.7
6868,5.8
6869,7.7
6870,8.0
6871,8.7
6872,8.8
6873,7.0
6874,6.1
6875,6.0
6876,5.6
6877,5.6
6878,5.3
6879,5.3
6880,5.5
6881,6.6
6882,7.4
6883,7.4
6884,6.6
6885,5.8
6886,5.2
6887,4.1
6888,3.8
6889,4.0
6890,5.1
6891,6.6
6892,6.7
6893,8.1
6894,8.0
6895,8.7
6896,8.8
6897,7.0
6898,6.1
6899,6.0
6900,5.6
6901,5.6
6902,5.3
6903,5.3
6904,5.5
6905,6.6
6906,7.4
6907,7.4
6908,6.6
6909,5.8
6910,5.2
6911,4.1
6912,4.0
6913,4.9
6914,5.5
6915,5.8
6916,5.5
6917,7.2
6918,8.0
6919,8.3
6920,8.0
6921,6.4
6922,6.0
6923,6.2
6924,6.6
6925,6.7
6926,7.1
6927,7.4
6928,7.1
6929,6.9
6930,7.2
6931,7.0
6932,6.7
6933,6.2
6934,5.3
6935,3.8
6936,3.7
6937,3.7
6938,3.8
6939,4.1
6940,4.9
6941,7.7
6942,6.7
6943,6.1
6944,6.9
6945,6.5
6946,6.3
6947,6.3
6948,5.5
6949,5.8
6950,6.1
6951,6.2
6952,6.3
6953,6.5
6954,7.2
6955,6.9
6956,6.6
6957,6.4
6958,5.4
6959,4.0
6960,3.9
6961,4.0
6962,4.3
6963,6.1
6964,6.3
6965,6.9
6966,6.3
6967,6.7
6968,7.5
6969,6.6
6970,5.8
6971,5.5
6972,5.8
6973,6.0
6974,6.5
6975,5.7
6976,5.9
6977,7.2
6978,8.2
6979,8.3
6980,8.2
6981,7.7
6982,6.5
6983,5.3
6984,5.4
6985,5.6
6986,5.9
6987,6.3
6988,6.4
6989,8.0
6990,8.5
6991,8.6
6992,8.8
6993,8.1
6994,7.0
6995,6.4
6996,6.5
6997,6.2
6998,5.6
6999,6.3
7000,6.5
7001,7.0
7002,6.8
7003,6.6
7004,6.4
7005,5.8
7006,5.0
7007,3.9
7008,4.4
7009,4.8
7010,5.3
7011,6.2
7012,6.9
7013,8.5
7014,8.8
7015,9.2
7016,9.0
7017,7.7
7018,6.5
7019,5.7
7020,5.4
7021,5.6
7022,5.4
7023,5.5
7024,5.8
7025,6.9
7026,7.4
7027,7.7
7028,7.2
7029,6.5
7030,5.5
7031,4.8
7032,4.2
7033,4.0
7034,5.0
7035,5.5
7036,6.0
7037,7.7
7038,7.9
7039,7.9
7040,8.2
7041,7.8
7042,7.6
7043,7.0
7044,6.9
7045,7.0
7046,7.1
7047,6.6
7048,7.0
7049,7.8
7050,7.8
7051,8.0
7052,7.3
7053,6.9
7054,5.9
7055,4.6
7056,4.7
7057,4.8
7058,4.9
7059,5.2
7060,5.7
7061,7.2
7062,7.9
7063,7.5
7064,7.9
7065,7.8
7066,7.9
7067,7.7
7068,7.5
7069,7.8
7070,7.5
7071,7.2
7072,7.4
7073,7.8
7074,7.6
7075,6.7
7076,6.9
7077,6.4
7078,5.4
7079,4.3
7080,3.8
7081,4.0
7082,4.1
7083,6.3
7084,6.6
7085,7.8
7086,8.4
7087,8.5
7088,8.7
7089,8.2
7090,7.1
7091,6.5
7092,6.3
7093,6.1
7094,6.2
7095,6.2
7096,6.5
7097,6.8
7098,7.0
7099,6.8
7100,6.5
7101,6.4
7102,5.4
7103,4.2
7104,3.7
7105,3.9
7106,4.0
7107,4.0
7108,5.7
7109,7.4
7110,6.3
7111,6.3
7112,6.8
7113,6.5
7114,6.4
7115,6.3
7116,6.2
7117,6.2
7118,6.2
7119,6.4
7120,6.7
7121,6.6
7122,6.8
7123,6.6
7124,6.3
7125,5.7
7126,5.1
7127,3.8
7128,3.7
7129,3.7
7130,3.7
7131,3.7
7132,4.7
7133,6.8
7134,5.7
7135,5.6
7136,5.6
7137,5.3
7138,5.1
7139,4.3
7140,4.5
7141,4.2
7142,5.1
7143,5.2
7144,5.6
7145,6.1
7146,6.1
7147,5.9
7148,5.5
7149,5.0
7150,4.4
7151,4.3
7152,4.1
7153,4.1
7154,4.2
7155,4.9
7156,5.6
7157,6.9
7158,6.9
7159,6.9
7160,7.1
7161,5.5
7162,6.1
7163,6.1
7164,5.8
7165,5.4
7166,5.5
7167,5.5
7168,5.7
7169,5.8
7170,5.7
7171,5.5
7172,5.3
7173,5.0
7174,3.8
7175,3.1
7176,3.1
7177,3.3
7178,3.7
7179,3.9
7180,4.7
7181,7.3
7182,6.7
7183,6.5
7184,6.5
7185,6.1
7186,5.7
7187,5.5
7188,5.5
7189,5.3
7190,5.8
7191,5.7
7192,5.7
7193,6.1
7194,6.0
7195,5.7
7196,5.5
7197,5.2
7198,4.0
7199,3.3
7200,3.3
7201,3.4
7202,3.7
7203,4.2
7204,4.6
7205,6.7
7206,6.6
7207,6.4
7208,6.6
7209,6.4
7210,6.1
7211,5.7
7212,5.6
7213,5.6
7214,5.6
7215,5.7
7216,5.9
7217,6.2
7218,5.7
7219,5.7
7220,5.6
7221,5.2
7222,4.4
7223,3.7
7224,2.9
7225,3.0
7226,3.4
7227,5.0
7228,5.6
7229,6.5
7230,6.3
7231,6.4
7232,6.1
7233,6.0
7234,6.1
7235,6.1
7236,6.0
7237,6.3
7238,6.5
7239,6.4
7240,6.5
7241,6.7
7242,6.4
7243,6.2
7244,5.8
7245,5.5
7246,4.9
7247,3.6
7248,3.8
7249,4.0
7250,4.6
7251,6.2
7252,6.4
7253,8.3
7254,8.9
7255,9.1
7256,8.1
7257,6.8
7258,5.8
7259,5.4
7260,5.3
7261,5.3
7262,5.3
7263,5.5
7264,6.6
7265,6.9
7266,7.4
7267,7.2
7268,6.7
7269,6.7
7270,5.7
7271,4.4
7272,4.0
7273,4.2
7274,5.6
7275,6.1
7276,5.9
7277,7.9
7278,7.4
7279,8.6
7280,8.3
7281,6.7
7282,5.8
7283,5.6
7284,5.9
7285,6.0
7286,6.4
7287,6.7
7288,7.6
7289,8.2
7290,7.6
7291,7.4
7292,6.8
7293,6.6
7294,5.8
7295,4.8
7296,4.9
7297,4.9
7298,4.0
7299,5.0
7300,5.3
7301,7.0
7302,7.3
7303,7.3
7304,7.8
7305,7.8
7306,7.1
7307,6.7
7308,6.8
7309,6.8
7310,7.3
7311,7.4
7312,7.6
7313,7.8
7314,8.0
7315,8.0
7316,8.0
7317,7.1
7318,5.9
7319,4.8
7320,4.8
7321,5.2
7322,5.8
7323,7.1
7324,7.1
7325,8.9
7326,9.0
7327,9.0
7328,9.3
7329,8.5
7330,8.0
7331,7.2
7332,7.5
7333,7.2
7334,6.7
7335,6.8
7336,7.0
7337,7.1
7338,6.9
7339,6.8
7340,6.6
7341,6.0
7342,5.1
7343,3.7
7344,3.4
7345,4.3
7346,4.6
7347,5.6
7348,6.1
7349,8.0
7350,7.4
7351,7.7
7352,7.4
7353,7.4
7354,7.1
7355,7.0
7356,7.4
7357,7.8
7358,7.2
7359,7.9
7360,7.9
7361,8.0
7362,7.7
7363,7.6
7364,7.0
7365,6.5
7366,5.5
7367,4.6
7368,4.8
7369,4.9
7370,5.5
7371,6.1
7372,6.6
7373,8.7
7374,8.9
7375,9.4
7376,9.5
7377,9.7
7378,9.7
7379,9.8
7380,10.1
7381,10.0
7382,9.5
7383,9.1
7384,9.4
7385,9.5
7386,8.8
7387,8.7
7388,8.5
7389,7.7
7390,6.4
7391,4.8
7392,5.2
7393,5.2
7394,5.7
7395,6.6
7396,7.0
7397,9.0
7398,8.5
7399,8.8
7400,8.4
7401,7.8
7402,7.7
7403,7.4
7404,7.8
7405,7.7
7406,7.4
7407,7.6
7408,7.6
7409,7.8
7410,7.3
7411,7.3
7412,6.8
7413,6.5
7414,5.9
7415,4.0
7416,4.0
7417,4.3
7418,4.2
7419,6.3
7420,6.7
7421,8.2
7422,8.3
7423,8.7
7424,8.5
7425,8.2
7426,7.5
7427,7.1
7428,6.8
7429,6.6
7430,6.6
7431,6.6
7432,6.9
7433,6.8
7434,6.9
7435,6.8
7436,6.4
7437,6.4
7438,5.7
7439,4.3
7440,4.2
7441,4.3
7442,4.6
7443,5.1
7444,5.1
7445,7.6
7446,7.7
7447,7.2
7448,7.7
7449,6.4
7450,6.4
7451,6.4
7452,6.3
7453,6.2
7454,6.4
7455,6.8
7456,7.3
7457,7.2
7458,7.4
7459,7.0
7460,6.7
7461,6.3
7462,5.4
7463,4.7
7464,4.3
7465,3.8
7466,4.0
7467,5.6
7468,6.0
7469,7.2
7470,7.0
7471,7.7
7472,8.1
7473,7.4
7474,7.7
7475,7.2
7476,6.7
7477,7.3
7478,7.6
7479,7.9
7480,8.6
7481,8.7
7482,8.6
7483,8.2
7484,7.6
7485,7.4
7486,6.3
7487,5.0
7488,5.2
7489,5.5
7490,5.7
7491,6.4
7492,6.7
7493,8.2
7494,8.7
7495,8.3
7496,8.5
7497,6.0
7498,9.5
7499,8.1
7500,8.0
7501,8.4
7502,8.0
7503,7.8
7504,8.3
7505,8.4
7506,7.8
7507,7.5
7508,7.1
7509,6.7
7510,5.6
7511,4.7
7512,4.8
7513,4.8
7514,5.3
7515,5.8
7516,6.5
7517,8.5
7518,8.0
7519,8.1
7520,8.3
7521,8.1
7522,7.8
7523,7.6
7524,8.1
7525,8.1
7526,8.1
7527,8.1
7528,8.2
7529,8.1
7530,7.8
7531,7.0
7532,7.5
7533,7.1
7534,5.8
7535,4.9
7536,4.8
7537,5.0
7538,5.5
7539,5.7
7540,6.2
7541,8.2
7542,8.5
7543,8.5
7544,8.7
7545,8.5
7546,8.0
7547,8.0
7548,8.0
7549,8.1
7550,7.0
7551,7.9
7552,7.8
7553,7.8
7554,7.5
7555,8.0
7556,7.4
7557,6.7
7558,5.4
7559,4.4
7560,4.1
7561,4.2
7562,5.0
7563,6.8
7564,6.5
7565,8.1
7566,7.8
7567,8.3
7568,8.0
7569,7.7
7570,7.4
7571,7.2
7572,7.4
7573,6.8
7574,6.7
7575,7.5
7576,7.7
7577,8.2
7578,7.8
7579,7.9
7580,6.9
7581,6.6
7582,5.6
7583,3.9
7584,4.1
7585,4.5
7586,4.9
7587,5.1
7588,6.2
7589,8.4
7590,8.1
7591,8.3
7592,8.0
7593,7.9
7594,7.4
7595,7.0
7596,6.5
7597,6.8
7598,6.8
7599,6.7
7600,6.8
7601,6.6
7602,6.5
7603,6.2
7604,5.2
7605,5.1
7606,4.6
7607,3.7
7608,3.6
7609,3.2
7610,3.3
7611,4.1
7612,4.5
7613,5.3
7614,5.4
7615,5.2
7616,5.6
7617,5.5
7618,5.4
7619,5.2
7620,5.3
7621,5.2
7622,5.3
7623,5.4
7624,5.4
7625,5.5
7626,5.5
7627,6.6
7628,6.7
7629,6.0
7630,4.4
7631,3.4
7632,3.2
7633,3.4
7634,3.5
7635,4.4
7636,4.6
7637,5.3
7638,5.4
7639,5.4
7640,5.6
7641,5.5
7642,5.4
7643,5.3
7644,5.2
7645,5.2
7646,5.3
7647,5.3
7648,5.6
7649,5.6
7650,7.4
7651,6.5
7652,6.4
7653,5.7
7654,4.3
7655,3.8
7656,3.8
7657,4.1
7658,4.2
7659,6.0
7660,5.9
7661,6.8
7662,7.1
7663,7.2
7664,7.0
7665,7.1
7666,6.6
7667,6.4
7668,6.4
7669,6.5
7670,6.5
7671,6.6
7672,6.6
7673,6.5
7674,6.5
7675,6.4
7676,6.1
7677,4.9
7678,4.2
7679,3.4
7680,3.2
7681,3.7
7682,4.3
7683,5.1
7684,5.6
7685,8.1
7686,7.4
7687,7.0
7688,7.3
7689,6.7
7690,6.3
7691,6.2
7692,6.3
7693,6.3
7694,6.1
7695,5.3
7696,5.6
7697,7.2
7698,6.9
7699,6.4
7700,5.7
7701,5.3
7702,4.2
7703,3.5
7704,3.5
7705,4.0
7706,4.1
7707,5.7
7708,6.1
7709,7.2
7710,6.9
7711,6.9
7712,7.1
7713,6.9
7714,6.5
7715,5.6
7716,6.2
7717,6.9
7718,6.6
7719,7.1
7720,8.3
7721,7.9
7722,7.1
7723,6.5
7724,6.6
7725,5.9
7726,4.2
7727,3.3
7728,3.5
7729,4.0
7730,4.1
7731,4.1
7732,5.3
7733,6.5
7734,6.4
7735,6.4
7736,6.5
7737,6.2
7738,5.8
7739,5.5
7740,5.4
7741,5.3
7742,5.3
7743,5.6
7744,7.5
7745,7.2
7746,6.4
7747,6.6
7748,6.4
7749,5.9
7750,4.5
7751,3.8
7752,4.1
7753,4.4
7754,4.8
7755,5.1
7756,6.2
7757,8.8
7758,7.6
7759,7.7
7760,7.1
7761,6.8
7762,5.6
7763,5.0
7764,4.5
7765,4.3
7766,4.3
7767,4.8
7768,5.6
7769,5.3
7770,4.9
7771,4.7
7772,4.9
7773,4.6
7774,3.9
7775,3.2
7776,2.9
7777,3.1
7778,3.2
7779,3.6
7780,4.1
7781,4.9
7782,5.1
7783,5.7
7784,5.6
7785,5.2
7786,5.1
7787,5.0
7788,4.8
7789,5.0
7790,4.9
7791,5.2
7792,5.5
7793,5.6
7794,5.5
7795,5.5
7796,5.5
7797,5.2
7798,4.7
7799,3.7
7800,3.3
7801,3.1
7802,2.9
7803,3.5
7804,4.3
7805,5.1
7806,4.9
7807,5.0
7808,5.4
7809,5.2
7810,5.2
7811,5.4
7812,5.3
7813,5.1
7814,5.2
7815,5.2
7816,5.5
7817,5.6
7818,5.7
7819,7.6
7820,6.6
7821,5.6
7822,4.4
7823,3.8
7824,4.1
7825,4.5
7826,4.6
7827,5.0
7828,5.0
7829,7.7
7830,7.7
7831,7.3
7832,7.3
7833,6.9
7834,6.7
7835,6.9
7836,6.7
7837,6.7
7838,6.9
7839,7.4
7840,7.3
7841,7.3
7842,7.1
7843,6.2
7844,6.3
7845,6.2
7846,5.6
7847,4.7
7848,5.1
7849,5.0
7850,5.1
7851,5.6
7852,6.8
7853,9.1
7854,8.2
7855,7.9
7856,7.8
7857,7.6
7858,7.1
7859,6.2
7860,5.8
7861,7.2
7862,7.2
7863,7.3
7864,6.7
7865,6.5
7866,6.3
7867,6.5
7868,5.4
7869,4.6
7870,3.9
7871,3.2
7872,2.9
7873,2.9
7874,3.3
7875,4.7
7876,5.0
7877,5.7
7878,6.6
7879,6.4
7880,6.3
7881,5.7
7882,5.0
7883,6.2
7884,5.5
7885,5.1
7886,5.5
7887,5.7
7888,5.7
7889,6.2
7890,6.8
7891,6.8
7892,6.4
7893,5.5
7894,4.4
7895,3.6
7896,3.4
7897,3.4
7898,4.0
7899,5.0
7900,5.0
7901,7.5
7902,7.4
7903,7.5
7904,7.1
7905,6.5
7906,6.1
7907,6.2
7908,6.4
7909,6.5
7910,6.6
7911,6.4
7912,6.8
7913,6.8
7914,6.4
7915,6.5
7916,5.9
7917,5.2
7918,4.7
7919,4.1
7920,4.0
7921,4.1
7922,4.5
7923,5.2
7924,6.3
7925,8.9
7926,8.2
7927,8.5
7928,8.7
7929,7.7
7930,7.2
7931,6.6
7932,7.5
7933,7.4
7934,7.5
7935,8.3
7936,7.3
7937,6.8
7938,6.7
7939,7.0
7940,6.5
7941,6.4
7942,5.0
7943,3.8
7944,3.5
7945,3.7
7946,4.2
7947,4.8
7948,5.0
7949,5.7
7950,5.7
7951,6.7
7952,7.4
7953,6.6
7954,6.6
7955,6.3
7956,5.5
7957,5.6
7958,5.8
7959,7.8
7960,7.9
7961,6.9
7962,6.9
7963,6.8
7964,7.1
7965,6.7
7966,6.2
7967,4.1
7968,3.8
7969,4.0
7970,4.2
7971,4.7
7972,4.9
7973,5.8
7974,5.7
7975,5.7
7976,7.3
7977,7.0
7978,6.6
7979,6.6
7980,6.3
7981,5.5
7982,5.7
7983,6.4
7984,7.8
7985,6.7
7986,7.4
7987,7.7
7988,6.9
7989,6.8
7990,6.0
7991,4.4
7992,4.5
7993,4.6
7994,5.0
7995,5.1
7996,6.4
7997,9.0
7998,8.3
7999,8.3
8000,8.2
8001,7.9
8002,7.5
8003,7.1
8004,7.1
8005,6.8
8006,6.7
8007,7.0
8008,7.8
8009,8.0
8010,7.7
8011,7.5
8012,7.0
8013,6.7
8014,5.6
8015,4.2
8016,4.9
8017,4.9
8018,5.4
8019,7.2
8020,7.4
8021,9.0
8022,8.9
8023,9.2
8024,9.1
8025,8.8
8026,8.3
8027,7.7
8028,7.8
8029,7.8
8030,7.4
8031,8.2
8032,9.0
8033,9.7
8034,8.9
8035,8.7
8036,8.7
8037,8.3
8038,7.6
8039,6.3
8040,6.3
8041,6.4
8042,7.0
8043,8.0
8044,8.7
8045,10.2
8046,10.7
8047,11.3
8048,11.5
8049,10.8
8050,9.0
8051,8.1
8052,8.0
8053,8.0
8054,8.5
8055,9.8
8056,9.9
8057,10.3
8058,8.7
8059,8.6
8060,8.5
8061,8.2
8062,7.1
8063,5.7
8064,5.8
8065,5.7
8066,5.9
8067,6.5
8068,7.6
8069,10.3
8070,9.9
8071,10.0
8072,10.0
8073,9.2
8074,9.0
8075,8.6
8076,8.7
8077,8.5
8078,8.5
8079,8.6
8080,8.7
8081,8.4
8082,7.9
8083,8.1
8084,7.9
8085,7.2
8086,6.2
8087,4.1
8088,4.6
8089,4.9
8090,5.2
8091,7.5
8092,7.6
8093,9.6
8094,9.2
8095,9.8
8096,9.4
8097,8.9
8098,8.7
8099,8.3
8100,8.2
8101,8.3
8102,8.6
8103,8.6
8104,8.4
8105,8.1
8106,8.0
8107,7.9
8108,7.5
8109,7.5
8110,6.4
8111,5.5
8112,5.2
8113,4.6
8114,5.0
8115,5.5
8116,7.2
8117,8.9
8118,7.9
8119,8.4
8120,8.8
8121,8.8
8122,8.6
8123,8.5
8124,7.6
8125,7.8
8126,8.4
8127,8.9
8128,8.9
8129,8.5
8130,8.7
8131,8.2
8132,7.9
8133,7.6
8134,6.3
8135,4.5
8136,4.4
8137,4.6
8138,5.2
8139,6.1
8140,6.4
8141,7.5
8142,7.1
8143,7.6
8144,8.0
8145,7.9
8146,7.7
8147,7.6
8148,8.2
8149,8.0
8150,7.6
8151,7.6
8152,7.9
8153,7.8
8154,8.0
8155,8.2
8156,7.4
8157,6.8
8158,6.2
8159,4.5
8160,4.8
8161,5.0
8162,5.0
8163,7.2
8164,7.8
8165,9.4
8166,9.2
8167,9.8
8168,9.2
8169,9.0
8170,8.3
8171,7.4
8172,6.8
8173,6.9
8174,7.2
8175,8.1
8176,8.4
8177,8.3
8178,7.8
8179,7.9
8180,7.4
8181,7.1
8182,6.5
8183,5.7
8184,4.9
8185,5.0
8186,5.3
8187,7.6
8188,8.4
8189,9.8
8190,9.3
8191,9.5
8192,9.7
8193,9.4
8194,8.9
8195,8.9
8196,8.9
8197,8.7
8198,8.6
8199,8.6
8200,8.5
8201,8.2
8202,8.1
8203,7.9
8204,7.3
8205,7.1
8206,6.2
8207,4.8
8208,4.8
8209,4.9
8210,5.2
8211,6.8
8212,7.2
8213,8.8
8214,8.6
8215,8.6
8216,8.9
8217,8.4
8218,8.1
8219,7.7
8220,8.0
8221,8.4
8222,8.8
8223,8.7
8224,8.7
8225,8.4
8226,7.6
8227,7.7
8228,7.5
8229,6.8
8230,6.3
8231,4.4
8232,4.3
8233,4.9
8234,5.8
8235,6.7
8236,6.9
8237,9.0
8238,8.6
8239,9.3
8240,9.0
8241,8.8
8242,8.5
8243,8.5
8244,8.9
8245,9.0
8246,8.7
8247,8.7
8248,8.6
8249,8.3
8250,8.1
8251,7.9
8252,7.0
8253,6.9
8254,6.3
8255,4.5
8256,4.5
8257,4.9
8258,5.1
8259,6.3
8260,7.4
8261,9.1
8262,8.7
8263,9.5
8264,9.3
8265,8.8
8266,8.7
8267,8.5
8268,8.5
8269,8.5
8270,8.2
8271,8.4
8272,8.9
8273,8.3
8274,7.9
8275,7.8
8276,7.7
8277,7.4
8278,6.4
8279,4.9
8280,4.6
8281,4.7
8282,5.0
8283,5.1
8284,5.6
8285,8.6
8286,7.9
8287,7.0
8288,8.4
8289,8.4
8290,8.1
8291,8.1
8292,8.1
8293,8.7
8294,8.5
8295,8.8
8296,9.5
8297,8.6
8298,8.6
8299,8.7
8300,8.1
8301,7.8
8302,6.9
8303,6.0
8304,5.1
8305,4.7
8306,5.3
8307,7.1
8308,7.1
8309,7.6
8310,8.1
8311,8.5
8312,9.0
8313,8.9
8314,9.1
8315,8.4
8316,8.2
8317,8.6
8318,8.1
8319,8.9
8320,10.1
8321,9.6
8322,10.8
8323,10.6
8324,10.6
8325,9.8
8326,8.5
8327,6.6
8328,6.3
8329,6.6
8330,6.8
8331,7.9
8332,8.7
8333,10.4
8334,10.8
8335,11.0
8336,11.5
8337,11.1
8338,10.4
8339,10.2
8340,9.6
8341,9.9
8342,10.0
8343,10.2
8344,9.8
8345,10.2
8346,9.5
8347,9.3
8348,9.0
8349,8.4
8350,7.3
8351,5.8
8352,6.1
8353,6.7
8354,6.9
8355,7.5
8356,8.3
8357,10.8
8358,11.1
8359,10.7
8360,10.7
8361,11.0
8362,10.1
8363,9.8
8364,9.9
8365,10.2
8366,9.8
8367,10.2
8368,10.4
8369,10.9
8370,10.2
8371,9.9
8372,9.6
8373,9.2
8374,8.1
8375,6.4
8376,6.7
8377,7.1
8378,7.8
8379,8.9
8380,9.8
8381,11.6
8382,11.7
8383,12.0
8384,12.4
8385,11.5
8386,11.8
8387,10.0
8388,9.7
8389,9.0
8390,9.6
8391,11.5
8392,11.5
8393,11.5
8394,10.8
8395,10.4
8396,10.2
8397,9.9
8398,9.1
8399,7.4
8400,7.3
8401,7.1
8402,7.4
8403,8.3
8404,9.2
8405,11.1
8406,11.8
8407,12.2
8408,12.7
8409,11.1
8410,11.7
8411,11.3
8412,10.6
8413,11.1
8414,11.2
8415,12.1
8416,11.4
8417,11.6
8418,10.3
8419,10.6
8420,10.7
8421,10.3
8422,8.9
8423,7.1
8424,7.1
8425,7.2
8426,7.6
8427,8.6
8428,9.5
8429,11.6
8430,12.2
8431,12.3
8432,14.1
8433,13.8
8434,12.9
8435,12.3
8436,12.1
8437,12.3
8438,13.0
8439,13.1
8440,12.9
8441,12.4
8442,12.1
8443,12.4
8444,12.3
8445,11.5
8446,10.3
8447,7.8
8448,7.6
8449,8.1
8450,8.3
8451,8.8
8452,9.8
8453,11.3
8454,11.5
8455,12.1
8456,12.8
8457,13.5
8458,12.8
8459,12.5
8460,12.2
8461,12.0
8462,13.2
8463,12.4
8464,13.7
8465,13.1
8466,12.5
8467,12.7
8468,12.1
8469,11.8
8470,11.0
8471,8.8
8472,8.2
8473,9.2
8474,9.9
8475,9.8
8476,10.1
8477,11.4
8478,12.7
8479,13.6
8480,14.7
8481,14.3
8482,13.9
8483,14.0
8484,13.1
8485,14.0
8486,13.7
8487,15.1
8488,14.2
8489,13.6
8490,14.6
8491,13.8
8492,13.2
8493,12.8
8494,11.2
8495,9.4
8496,9.4
8497,9.2
8498,9.6
8499,10.2
8500,11.6
8501,12.6
8502,13.3
8503,14.1
8504,14.7
8505,14.3
8506,13.9
8507,13.4
8508,13.3
8509,13.0
8510,12.3
8511,12.4
8512,12.5
8513,12.2
8514,12.7
8515,12.2
8516,12.2
8517,11.6
8518,10.0
8519,8.4
8520,8.2
8521,7.6
8522,8.6
8523,9.3
8524,9.9
8525,11.7
8526,12.0
8527,12.4
8528,12.9
8529,13.4
8530,12.8
8531,12.6
8532,12.4
8533,12.3
8534,11.9
8535,11.5
8536,11.1
8537,11.0
8538,10.5
8539,10.2
8540,9.9
8541,9.5
8542,8.9
8543,7.6
8544,7.3
8545,7.6
8546,7.7
8547,8.7
8548,9.9
8549,11.5
8550,11.4
8551,11.5
8552,11.8
8553,11.7
8554,11.3
8555,11.0
8556,11.0
8557,11.2
8558,11.0
8559,11.1
8560,11.2
8561,11.3
8562,10.8
8563,10.8
8564,10.5
8565,9.9
8566,8.8
8567,6.9
8568,6.9
8569,7.2
8570,7.6
8571,8.2
8572,8.4
8573,10.5
8574,10.3
8575,10.6
8576,11.5
8577,11.6
8578,11.4
8579,11.2
8580,11.1
8581,11.4
8582,10.8
8583,10.5
8584,10.3
8585,10.1
8586,9.8
8587,9.5
8588,9.3
8589,9.3
8590,8.3
8591,6.5
8592,6.4
8593,6.6
8594,7.0
8595,7.9
8596,7.8
8597,9.5
8598,9.7
8599,10.3
8600,11.0
8601,10.7
8602,10.3
8603,10.0
8604,10.3
8605,9.8
8606,9.2
8607,9.9
8608,10.0
8609,9.7
8610,9.6
8611,10.0
8612,9.6
8613,9.4
8614,8.7
8615,6.4
8616,6.2
8617,6.4
8618,6.5
8619,7.4
8620,7.8
8621,9.2
8622,8.8
8623,9.4
8624,10.2
8625,9.9
8626,9.9
8627,9.7
8628,9.4
8629,9.0
8630,9.0
8631,9.5
8632,9.3
8633,8.7
8634,8.6
8635,9.1
8636,8.1
8637,7.8
8638,7.3
8639,5.9
8640,5.8
8641,5.7
8642,6.1
8643,6.4
8644,6.9
8645,8.4
8646,8.3
8647,8.3
8648,9.0
8649,9.5
8650,9.2
8651,8.9
8652,8.0
8653,8.3
8654,8.5
8655,9.1
8656,8.7
8657,8.9
8658,10.2
8659,9.6
8660,9.6
8661,8.9
8662,7.2
8663,6.4
8664,6.1
8665,6.2
8666,6.6
8667,7.5
8668,7.8
8669,9.6
8670,9.5
8671,10.0
8672,10.3
8673,11.1
8674,10.3
8675,9.3
8676,8.5
8677,8.4
8678,8.0
8679,9.0
8680,9.7
8681,10.0
8682,9.5
8683,9.0
8684,9.2
8685,9.2
8686,7.9
8687,6.6
8688,6.8
8689,7.2
8690,7.7
8691,8.4
8692,9.5
8693,10.7
8694,11.9
8695,11.9
8696,12.2
8697,12.5
8698,12.2
8699,11.7
8700,11.0
8701,11.6
8702,11.7
8703,11.3
8704,11.0
8705,11.1
8706,10.4
8707,10.1
8708,9.9
8709,9.8
8710,8.6
8711,6.8
8712,6.7
8713,7.4
8714,7.7
8715,8.9
8716,9.4
8717,10.8
8718,11.1
8719,11.4
8720,12.1
8721,11.9
8722,12.2
8723,11.7
8724,11.6
8725,11.8
8726,11.3
8727,11.0
8728,11.0
8729,11.0
8730,10.0
8731,9.9
8732,9.3
8733,9.0
8734,7.9
8735,6.4
8736,6.2
8737,6.3
8738,6.4
8739,7.1
8740,7.9
8741,10.0
8742,9.2
8743,9.8
8744,10.6
8745,11.4
8746,10.4
8747,10.3
8748,10.6
8749,11.0
8750,10.6
8751,10.4
8752,10.9
8753,9.9
8754,10.0
8755,9.9
8756,8.9
8757,8.9
8758,8.0
8759,6.3
